,photo_url,age,act_id,name,real_name,religion,agency,spouse,children,debut_year,gender,state
0,//upload.wikimedia.org/wikipedia/commons/thumb/8/8e/Korea_Lee_Byunghun_APSA_Awards_05.jpg/250px-Korea_Lee_Byunghun_APSA_Awards_05.jpg,50,1,이병헌,0,1,1,1,1,1991,1,1
1,//upload.wikimedia.org/wikipedia/commons/thumb/5/52/191112_%EC%A0%84%EC%A7%80%ED%98%84_%282%29.jpg/250px-191112_%EC%A0%84%EC%A7%80%ED%98%84_%282%29.jpg,39,2,전지현,1,0,1,1,1,1997,0,1
2,//upload.wikimedia.org/wikipedia/commons/thumb/e/e1/181018_%EC%86%90%EC%98%88%EC%A7%84_04_%28cropped%29.jpg/250px-181018_%EC%86%90%EC%98%88%EC%A7%84_04_%28cropped%29.jpg,38,3,손예진,1,0,1,0,0,1999,0,1
3,//upload.wikimedia.org/wikipedia/commons/thumb/8/88/180830_%EC%95%88%EC%86%8C%ED%9D%AC.jpg/250px-180830_%EC%95%88%EC%86%8C%ED%9D%AC.jpg,28,4,안소희,0,1,1,0,0,2004,0,1
4,//upload.wikimedia.org/wikipedia/commons/thumb/c/ce/Kang_Dong-won_in_Feb_2016.jpg/250px-Kang_Dong-won_in_Feb_2016.jpg,39,5,강동원,0,1,1,0,0,2003,1,1
5,//upload.wikimedia.org/wikipedia/commons/thumb/6/6a/Ha_Jung-woo.2019.jpg/250px-Ha_Jung-woo.2019.jpg,42,6,하정우,1,1,1,0,0,2003,1,1
6,//upload.wikimedia.org/wikipedia/commons/thumb/5/56/181024_%EA%B9%80%ED%98%9C%EC%88%98.png/250px-181024_%EA%B9%80%ED%98%9C%EC%88%98.png,50,7,김혜수,0,1,1,0,0,1986,0,1
7,//upload.wikimedia.org/wikipedia/commons/thumb/f/f8/190501_%ED%98%84%EB%B9%88.jpg/250px-190501_%ED%98%84%EB%B9%88.jpg,38,8,현빈,1,0,1,0,0,2003,1,1
8,//upload.wikimedia.org/wikipedia/commons/thumb/d/df/Song_Gangho_2016.jpg/250px-Song_Gangho_2016.jpg,53,9,송강호,0,0,1,1,1,1991,1,1
9,//upload.wikimedia.org/wikipedia/commons/thumb/c/c8/190920_%EC%A7%80%EC%B0%BD%EC%9A%B1_%281%29.jpg/250px-190920_%EC%A7%80%EC%B0%BD%EC%9A%B1_%281%29.jpg,33,10,지창욱,0,1,1,0,0,2008,1,1
10,//upload.wikimedia.org/wikipedia/commons/thumb/e/e0/170617_%ED%95%9C%ED%9A%A8%EC%A3%BC_%ED%8C%AC%EB%AF%B8%ED%8C%85.jpg/250px-170617_%ED%95%9C%ED%9A%A8%EC%A3%BC_%ED%8C%AC%EB%AF%B8%ED%8C%85.jpg,33,11,한효주,0,1,1,0,0,2003,1,1
11,//upload.wikimedia.org/wikipedia/commons/thumb/5/5c/%EA%B0%90%EC%9A%B0%EC%84%B1.png/270px-%EA%B0%90%EC%9A%B0%EC%84%B1.png,50,12,감우성,0,0,1,1,0,1991,1,0
12,//upload.wikimedia.org/wikipedia/commons/thumb/e/e0/Kang_Kyung-joon_%28South_Korean_actor%2C_born_1983%29_from_acrofan.jpg/220px-Kang_Kyung-joon_%28South_Korean_actor%2C_born_1983%29_from_acrofan.jpg,37,13,강경준,0,1,1,1,1,2004,1,0
13,//upload.wikimedia.org/wikipedia/commons/thumb/9/90/181206_%EA%B0%95%EA%B8%B0%EC%98%81.jpg/250px-181206_%EA%B0%95%EA%B8%B0%EC%98%81.jpg,37,14,강기영,0,0,1,1,0,2002,1,0
14,//upload.wikimedia.org/wikipedia/commons/thumb/8/85/Kang_Ji_Sub_from_acrofan.jpg/250px-Kang_Ji_Sub_from_acrofan.jpg,39,15,강지섭,1,0,1,0,0,2005,1,0
15,//upload.wikimedia.org/wikipedia/commons/a/a6/%EB%AA%AC%EC%8A%A4%ED%84%B0ID-%EA%B0%95%EC%A7%80%ED%99%98.jpg,43,16,강지환,1,0,0,0,0,2001,1,0
16,//upload.wikimedia.org/wikipedia/commons/thumb/1/17/190930_%EA%B0%95%ED%83%9C%EC%98%A4_%282%29.jpg/250px-190930_%EA%B0%95%ED%83%9C%EC%98%A4_%282%29.jpg,26,17,강태오,1,0,1,0,0,2013,1,0
17,//upload.wikimedia.org/wikipedia/commons/thumb/8/88/170807_%EA%B0%95%ED%95%98%EB%8A%98_%28cropped%29.jpg/250px-170807_%EA%B0%95%ED%95%98%EB%8A%98_%28cropped%29.jpg,30,18,강하늘,1,0,1,0,0,2006,1,0
18,//upload.wikimedia.org/wikipedia/commons/thumb/a/ad/Ko_Se-won_from_acrofan.jpg/250px-Ko_Se-won_from_acrofan.jpg,42,19,고세원,0,0,1,1,0,1997,1,0
19,//upload.wikimedia.org/wikipedia/commons/thumb/c/c4/Ko_Chang-Seok.jpg/250px-Ko_Chang-Seok.jpg,50,20,고창석,0,0,1,1,1,1987,1,0
20,//upload.wikimedia.org/wikipedia/commons/thumb/2/2b/Kwak_Dong-yeon_at_Nov_2018.png/250px-Kwak_Dong-yeon_at_Nov_2018.png,23,21,곽동연,0,0,1,0,0,2012,1,0
21,//upload.wikimedia.org/wikipedia/commons/thumb/f/f1/Kwak_Siyang%2C_Chicago_Typewriter.jpg/250px-Kwak_Siyang%2C_Chicago_Typewriter.jpg,33,22,곽시양,1,0,1,0,0,2014,1,0
22,//upload.wikimedia.org/wikipedia/commons/thumb/d/d3/190917_%EA%B6%8C%EC%83%81%EC%9A%B0.jpg/250px-190917_%EA%B6%8C%EC%83%81%EC%9A%B0.jpg,44,23,권상우,0,1,1,1,1,2001,1,0
23,//upload.wikimedia.org/wikipedia/commons/b/b4/Kwon_Oh-Joong_from_acrofan.jpg,48,24,권오중,0,1,1,1,1,1992,1,0
24,//upload.wikimedia.org/wikipedia/commons/0/04/Kwon_Hyun-Sang.jpg,39,25,권현상,1,0,1,0,0,2000,1,0
25,//upload.wikimedia.org/wikipedia/commons/thumb/b/bd/20191231_%EA%B8%B0%ED%83%9C%EC%98%81.jpg/250px-20191231_%EA%B8%B0%ED%83%9C%EC%98%81.jpg,41,26,기태영,1,1,1,1,1,1997,1,0
26,//upload.wikimedia.org/wikipedia/commons/thumb/7/7a/Kim_Kang-woo_in_Dec_2019_%28Revised%29.png/250px-Kim_Kang-woo_in_Dec_2019_%28Revised%29.png,42,27,김강우,0,1,1,1,1,2002,1,0
27,//upload.wikimedia.org/wikipedia/commons/thumb/5/5b/191231_%EA%B9%80%EA%B0%95%ED%9B%88_%281%29.jpg/250px-191231_%EA%B9%80%EA%B0%95%ED%9B%88_%281%29.jpg,11,28,김강훈,0,0,0,0,0,2013,1,0
28,//upload.wikimedia.org/wikipedia/commons/thumb/0/0a/%EA%B9%80%EB%82%A8%EA%B8%B8_Kim_Nam-gil_20161109_01.png/250px-%EA%B9%80%EB%82%A8%EA%B8%B8_Kim_Nam-gil_20161109_01.png,40,29,김남길,0,1,0,0,0,2003,1,0
29,//upload.wikimedia.org/wikipedia/commons/thumb/0/0a/Kim_Da-hyun_on_the_red_carpet_of_The_Musical_Awards%2C_3_June_2013.jpg/250px-Kim_Da-hyun_on_the_red_carpet_of_The_Musical_Awards%2C_3_June_2013.jpg,40,30,김다현,1,0,1,1,1,2003,1,0
30,//upload.wikimedia.org/wikipedia/commons/thumb/a/ae/190520_%EA%B9%80%EB%9E%98%EC%9B%90_%281%29.jpg/250px-190520_%EA%B9%80%EB%9E%98%EC%9B%90_%281%29.jpg,39,31,김래원,0,1,1,0,0,1997,1,0
31,//upload.wikimedia.org/wikipedia/commons/thumb/9/98/Kim_Roi-ha_at_BIFF_2013.jpg/250px-Kim_Roi-ha_at_BIFF_2013.jpg,54,32,김뢰하,0,1,1,1,0,1989,1,0
32,//upload.wikimedia.org/wikipedia/commons/thumb/2/27/%EA%B9%80%EB%AC%B4%EC%97%B4_Kim_Mu-yeol_0m31s.png/250px-%EA%B9%80%EB%AC%B4%EC%97%B4_Kim_Mu-yeol_0m31s.png,38,33,김무열,0,0,1,1,0,2002,1,0
33,//upload.wikimedia.org/wikipedia/commons/thumb/f/fb/Kim_Min-jun_from_acrofan.jpg/250px-Kim_Min-jun_from_acrofan.jpg,44,34,김민준,0,0,1,1,0,1995,1,0
34,//upload.wikimedia.org/wikipedia/commons/thumb/5/58/190214_%EA%B9%80%EC%9A%A9%EA%B1%B4_%283%29.jpg/250px-190214_%EA%B9%80%EC%9A%A9%EA%B1%B4_%283%29.jpg,74,35,김용건,0,1,0,0,1,1967,1,0
35,//upload.wikimedia.org/wikipedia/commons/thumb/b/b4/2017_%EB%82%A8%EC%A3%BC%ED%98%81_05.png/250px-2017_%EB%82%A8%EC%A3%BC%ED%98%81_05.png,26,36,남주혁,0,1,1,0,0,2013,1,0
36,//upload.wikimedia.org/wikipedia/commons/thumb/5/58/191212_Do_Sang-woo.jpg/250px-191212_Do_Sang-woo.jpg,32,37,도상우,0,0,1,0,0,2008,1,0
37,//upload.wikimedia.org/wikipedia/commons/thumb/a/ad/Ryu_Su-young_in_Feb_2019.png/250px-Ryu_Su-young_in_Feb_2019.png,41,38,류수영,1,1,1,1,1,1998,1,0
38,//upload.wikimedia.org/wikipedia/commons/thumb/7/7d/Ryu_Seung-beom.jpg/250px-Ryu_Seung-beom.jpg,40,39,류승범,0,1,0,1,1,2000,1,0
39,//upload.wikimedia.org/wikipedia/commons/thumb/f/f1/Don_Lee_by_Gage_Skidmore.jpg/250px-Don_Lee_by_Gage_Skidmore.jpg,49,40,마동석,1,0,1,0,0,2003,1,0
40,//upload.wikimedia.org/wikipedia/commons/thumb/d/d8/%EB%AA%85%EA%B3%84%EB%82%A8_%EB%B2%99%EC%BB%A41.png/250px-%EB%AA%85%EA%B3%84%EB%82%A8_%EB%B2%99%EC%BB%A41.png,68,41,명계남,1,1,1,0,0,1973,1,0
41,//upload.wikimedia.org/wikipedia/commons/thumb/a/af/180503_%EB%B0%95%EB%B3%B4%EA%B2%80_01.jpg/300px-180503_%EB%B0%95%EB%B3%B4%EA%B2%80_01.jpg,27,42,박보검,0,1,1,0,0,2011,1,0
42,//upload.wikimedia.org/wikipedia/commons/thumb/b/b3/Park_Sang-Won.jpg/185px-Park_Sang-Won.jpg,61,43,박상원,0,1,0,1,1,1978,1,0
43,//upload.wikimedia.org/wikipedia/commons/thumb/e/e8/190626_%EB%B0%95%EC%84%9C%EC%A4%80_%281%29.jpg/250px-190626_%EB%B0%95%EC%84%9C%EC%A4%80_%281%29.jpg,31,44,박서준,1,0,1,0,0,2011,1,0
44,//upload.wikimedia.org/wikipedia/commons/thumb/e/e1/160206_Park_Sung-woong_6_cropped.jpg/250px-160206_Park_Sung-woong_6_cropped.jpg,47,45,박성웅,0,1,1,1,1,1997,1,0
45,//upload.wikimedia.org/wikipedia/commons/thumb/0/06/%EB%B0%95%EC%A4%91%ED%9B%88_KBSView_01.png/250px-%EB%B0%95%EC%A4%91%ED%9B%88_KBSView_01.png,54,46,박중훈,0,1,1,1,1,1986,1,0
46,//upload.wikimedia.org/wikipedia/commons/thumb/0/05/%EB%B0%95%ED%95%B4%EC%9D%BC.jpg/250px-%EB%B0%95%ED%95%B4%EC%9D%BC.jpg,43,47,박해일,0,0,0,1,1,2000,1,0
47,//upload.wikimedia.org/wikipedia/commons/thumb/b/ba/Park_Hae-jin_in_Jan_2020.png/200px-Park_Hae-jin_in_Jan_2020.png,37,48,박해진,0,0,1,0,0,2006,1,0
48,//upload.wikimedia.org/wikipedia/commons/thumb/2/25/Park_Hyung-sik_at_Hwarang_Press_Conference_02.png/300px-Park_Hyung-sik_at_Hwarang_Press_Conference_02.png,28,49,박형식,0,0,1,0,0,2010,1,0
49,//upload.wikimedia.org/wikipedia/commons/0/02/160726_%EC%98%81%ED%99%94_%27%EC%98%AC%EB%A0%88%27_%EC%A0%9C%EC%9E%91%EB%B0%9C%ED%91%9C%ED%9A%8C_%EB%B0%95%ED%9D%AC%EC%88%9C.jpg,50,50,박희순,0,0,1,1,0,1990,1,0
50,//upload.wikimedia.org/wikipedia/commons/thumb/6/66/Bae_Sung-woo_310818.png/250px-Bae_Sung-woo_310818.png,47,51,배성우,0,0,1,0,0,1999,1,0
51,//upload.wikimedia.org/wikipedia/commons/thumb/1/1f/Bae_Yong_Joon.jpg/250px-Bae_Yong_Joon.jpg,48,52,배용준,0,0,1,1,1,1994,1,0
52,//upload.wikimedia.org/wikipedia/commons/thumb/2/23/Baek_Do-bin_from_acrofan.jpg/250px-Baek_Do-bin_from_acrofan.jpg,42,53,백도빈,0,0,1,1,1,2004,1,0
53,//upload.wikimedia.org/wikipedia/commons/thumb/6/66/%EB%B0%B1%EC%84%B1%ED%98%84_Baek_Sung-hyun_161207.png/250px-%EB%B0%B1%EC%84%B1%ED%98%84_Baek_Sung-hyun_161207.png,31,54,백성현,0,0,1,1,0,1994,1,0
54,//upload.wikimedia.org/wikipedia/commons/thumb/f/fa/180813_%EB%B0%B1%EC%9C%A4%EC%8B%9D.png/250px-180813_%EB%B0%B1%EC%9C%A4%EC%8B%9D.png,73,55,백윤식,0,1,0,0,1,1970,1,0
55,//upload.wikimedia.org/wikipedia/commons/8/8d/Baek_Il-Seob_from_acrofan.jpg,76,56,백일섭,0,1,1,1,1,1963,1,0
56,//upload.wikimedia.org/wikipedia/commons/thumb/5/55/190716_%EB%B4%89%ED%83%9C%EA%B7%9C.jpg/250px-190716_%EB%B4%89%ED%83%9C%EA%B7%9C.jpg,39,57,봉태규,0,0,1,1,1,2000,1,0
57,//upload.wikimedia.org/wikipedia/commons/thumb/a/ac/190702_%EC%84%9C%EA%B0%95%EC%A4%80.png/220px-190702_%EC%84%9C%EA%B0%95%EC%A4%80.png,27,58,서강준,1,0,1,0,0,2013,1,0
58,//upload.wikimedia.org/wikipedia/commons/thumb/8/8d/161024_%EC%84%9C%EC%A4%80%EC%98%81_02.jpg/270px-161024_%EC%84%9C%EC%A4%80%EC%98%81_02.jpg,33,59,서준영,1,1,1,0,0,2004,1,0
59,//upload.wikimedia.org/wikipedia/commons/thumb/8/80/Seo_Ji-Seok.jpg/250px-Seo_Ji-Seok.jpg,39,60,서지석,1,0,1,1,0,2001,1,0
60,//upload.wikimedia.org/wikipedia/commons/thumb/d/de/160217_%EC%84%9C%ED%95%98%EC%A4%80.jpg/250px-160217_%EC%84%9C%ED%95%98%EC%A4%80.jpg,31,61,서하준,1,1,1,0,0,2008,1,0
61,//upload.wikimedia.org/wikipedia/commons/thumb/8/83/151001_%EC%84%B1%EB%8F%99%EC%9D%BC.jpg/250px-151001_%EC%84%B1%EB%8F%99%EC%9D%BC.jpg,53,62,성동일,0,0,1,1,1,1984,1,0
62,//upload.wikimedia.org/wikipedia/commons/thumb/c/ce/So_Ji-sub.jpg/250px-So_Ji-sub.jpg,43,63,소지섭,0,1,1,1,0,1995,1,0
63,//upload.wikimedia.org/wikipedia/commons/thumb/b/b3/190805_%EC%86%90%EB%B3%91%ED%98%B8.jpg/250px-190805_%EC%86%90%EB%B3%91%ED%98%B8.jpg,58,64,손병호,0,0,1,1,1,1983,1,0
64,//upload.wikimedia.org/wikipedia/commons/thumb/b/b6/Son_Hyun-Joo.jpg/250px-Son_Hyun-Joo.jpg,55,65,손현주,0,1,1,1,1,1991,1,0
65,//upload.wikimedia.org/wikipedia/commons/thumb/1/17/Son_Ho-joon_in_Feb_2019.png/250px-Son_Ho-joon_in_Feb_2019.png,36,66,손호준,0,0,1,0,0,2005,1,0
66,//upload.wikimedia.org/wikipedia/commons/thumb/5/5f/Song_Seungheon.jpg/250px-Song_Seungheon.jpg,44,67,송승헌,0,1,1,0,0,1995,1,0
67,//upload.wikimedia.org/wikipedia/commons/thumb/9/90/Song_Seung-Hwan.jpg/250px-Song_Seung-Hwan.jpg,63,68,송승환,0,0,0,1,0,1965,1,0
68,//upload.wikimedia.org/wikipedia/commons/thumb/c/c3/Korea_Makgeolli_Wanderers_05_Song_Il_Gook.png/175px-Korea_Makgeolli_Wanderers_05_Song_Il_Gook.png,49,69,송일국,0,1,1,1,1,1998,1,0
69,//upload.wikimedia.org/wikipedia/commons/thumb/1/13/Song_Joong-ki_at_Style_Icon_Asia_2016.jpg/230px-Song_Joong-ki_at_Style_Icon_Asia_2016.jpg,35,70,송중기,0,0,1,1,0,2008,1,0
70,//upload.wikimedia.org/wikipedia/commons/thumb/1/16/190603_%EC%8B%A0%EC%84%B1%EB%A1%9D.jpg/250px-190603_%EC%8B%A0%EC%84%B1%EB%A1%9D.jpg,37,71,신성록,0,1,1,0,1,2003,1,0
71,//upload.wikimedia.org/wikipedia/commons/thumb/c/c6/191025_%EC%8B%A0%EC%9E%AC%ED%95%98.jpg/250px-191025_%EC%8B%A0%EC%9E%AC%ED%95%98.jpg,27,72,신재하,0,0,1,0,0,2013,1,0
72,//upload.wikimedia.org/wikipedia/commons/thumb/2/23/190626_%EC%95%88%EC%84%B1%EA%B8%B0.jpg/250px-190626_%EC%95%88%EC%84%B1%EA%B8%B0.jpg,68,73,안성기,0,1,0,1,1,1957,1,0
73,//upload.wikimedia.org/wikipedia/commons/thumb/7/70/180430_%EC%95%88%EC%9E%AC%EC%9A%B1.jpg/250px-180430_%EC%95%88%EC%9E%AC%EC%9A%B1.jpg,49,74,안재욱,0,0,1,1,1,1994,1,0
74,//upload.wikimedia.org/wikipedia/commons/thumb/b/b2/190503_%EC%95%88%ED%9A%A8%EC%84%AD.jpg/250px-190503_%EC%95%88%ED%9A%A8%EC%84%AD.jpg,25,75,안효섭,0,1,1,0,0,2015,1,0
75,//upload.wikimedia.org/wikipedia/commons/thumb/8/8b/Yang_Dong-geun_from_acrofan.jpg/250px-Yang_Dong-geun_from_acrofan.jpg,41,76,양동근,0,1,1,1,1,1987,1,0
76,//upload.wikimedia.org/wikipedia/commons/thumb/b/b4/171216_%EC%96%91%EC%84%B8%EC%A2%85_10.jpg/250px-171216_%EC%96%91%EC%84%B8%EC%A2%85_10.jpg,27,77,양세종,0,0,1,0,0,2016,1,0
77,//upload.wikimedia.org/wikipedia/commons/c/c0/180920_SBS_%27%ED%9D%89%EB%B6%80%EC%99%B8%EA%B3%BC%27_%EC%A0%9C%EC%9E%91%EB%B0%9C%ED%91%9C%ED%9A%8C_%EC%97%84%EA%B8%B0%EC%A4%80.jpg,44,78,엄기준,0,0,1,0,0,1995,1,0
78,//upload.wikimedia.org/wikipedia/commons/thumb/9/96/Uhm_Tae-goo.2019.jpg/250px-Uhm_Tae-goo.2019.jpg,36,79,엄태구,0,0,1,0,0,2007,1,0
79,//upload.wikimedia.org/wikipedia/commons/thumb/8/81/Uhm_Tae-woong_at_BIFF_2013_02.jpg/250px-Uhm_Tae-woong_at_BIFF_2013_02.jpg,46,80,엄태웅,0,0,1,1,1,1998,1,0
80,//upload.wikimedia.org/wikipedia/commons/thumb/5/5a/190708_%EC%97%AC%EC%A7%84%EA%B5%AC.jpg/260px-190708_%EC%97%AC%EC%A7%84%EA%B5%AC.jpg,23,81,여진구,0,0,1,0,0,2005,1,0
81,//upload.wikimedia.org/wikipedia/commons/thumb/4/4d/Yeon_Woo-jin_in_August_2019.jpg/250px-Yeon_Woo-jin_in_August_2019.jpg,36,82,연우진,1,0,1,0,0,2009,1,0
82,//upload.wikimedia.org/wikipedia/commons/thumb/d/d9/Yeon_Jeong-hun_from_acrofan_-_cropped_01.jpg/250px-Yeon_Jeong-hun_from_acrofan_-_cropped_01.jpg,42,83,연정훈,0,0,1,1,1,1999,1,0
83,//upload.wikimedia.org/wikipedia/commons/thumb/5/53/Oh_Min-suk_for_Estee_Lauder%2C_18_September_2015.jpg/250px-Oh_Min-suk_for_Estee_Lauder%2C_18_September_2015.jpg,40,84,오민석,0,1,1,0,0,2006,1,0
84,//upload.wikimedia.org/wikipedia/commons/thumb/7/7f/Oh_Chang-seok_in_May_2019.png/250px-Oh_Chang-seok_in_May_2019.png,38,85,오창석,1,0,1,0,0,2008,1,0
85,//upload.wikimedia.org/wikipedia/commons/thumb/0/0f/171230_%EC%9A%B0%EB%8F%84%ED%99%98_02.jpg/250px-171230_%EC%9A%B0%EB%8F%84%ED%99%98_02.jpg,28,86,우도환,0,0,1,0,0,2011,1,0
86,//upload.wikimedia.org/wikipedia/commons/thumb/5/53/Yoo_Seung-ho_at_Nov_2018.png/250px-Yoo_Seung-ho_at_Nov_2018.png,27,87,유승호,0,1,1,0,0,2000,1,0
87,//upload.wikimedia.org/wikipedia/commons/thumb/b/bc/Yoo_Yeon-seok_-_Bean_Pole_catalogue_2015_Spring-Summer_01.jpg/250px-Yoo_Yeon-seok_-_Bean_Pole_catalogue_2015_Spring-Summer_01.jpg,36,88,유연석,1,1,1,0,0,2003,1,0
88,//upload.wikimedia.org/wikipedia/commons/thumb/e/e7/190502_%EC%9C%A0%EC%A7%80%ED%83%9C.jpg/250px-190502_%EC%9C%A0%EC%A7%80%ED%83%9C.jpg,44,89,유지태,0,1,1,1,1,1998,1,0
89,//upload.wikimedia.org/wikipedia/commons/thumb/7/71/190425_%EC%9C%A4%EC%84%A0%EC%9A%B0.jpg/290px-190425_%EC%9C%A4%EC%84%A0%EC%9A%B0.jpg,35,90,윤선우,1,0,1,0,0,2003,1,0
90,//upload.wikimedia.org/wikipedia/commons/thumb/d/d2/191113_%EC%9C%A4%EC%8B%9C%EC%9C%A4_%282%29.jpg/250px-191113_%EC%9C%A4%EC%8B%9C%EC%9C%A4_%282%29.jpg,34,91,윤시윤,0,1,1,0,0,2009,1,0
91,//upload.wikimedia.org/wikipedia/commons/thumb/9/91/Yoon_Hee-seok_from_acrofan.jpg/250px-Yoon_Hee-seok_from_acrofan.jpg,45,92,윤희석,0,0,1,0,1,1996,1,0
92,//upload.wikimedia.org/wikipedia/commons/d/dd/Lee_Kwang-Gi.jpg,52,93,이광기,0,1,1,1,1,1985,1,0
93,//upload.wikimedia.org/wikipedia/commons/c/c2/Lee_David.jpg,26,94,이다윗,0,0,0,0,0,2001,1,0
94,//upload.wikimedia.org/wikipedia/commons/thumb/c/cd/LEEDUKHWA3.jpg/300px-LEEDUKHWA3.jpg,68,95,이덕화,0,1,1,1,1,1972,1,0
95,//upload.wikimedia.org/wikipedia/commons/thumb/7/7b/Lee_Ro-woon.jpg/250px-Lee_Ro-woon.jpg,11,96,이로운,0,0,1,0,0,2015,1,0
96,//upload.wikimedia.org/wikipedia/commons/thumb/6/6b/Lee_Bum-Soo.jpg/250px-Lee_Bum-Soo.jpg,50,97,이범수,0,1,1,1,1,1990,1,0
97,//upload.wikimedia.org/wikipedia/commons/thumb/0/0b/161026_%EC%9D%B4%EC%83%81%EC%97%BD_02.jpg/250px-161026_%EC%9D%B4%EC%83%81%EC%97%BD_02.jpg,37,98,이상엽,0,0,1,0,0,2007,1,0
98,//upload.wikimedia.org/wikipedia/commons/thumb/f/f5/Leeseojin.jpg/250px-Leeseojin.jpg,49,99,이서진,0,1,1,1,0,1999,1,0
99,//upload.wikimedia.org/wikipedia/commons/thumb/a/a2/191216_%EC%9D%B4%EC%84%A0%EA%B7%A0_%282%29.jpg/250px-191216_%EC%9D%B4%EC%84%A0%EA%B7%A0_%282%29.jpg,45,100,이선균,0,0,1,1,1,1999,1,0
100,//upload.wikimedia.org/wikipedia/commons/thumb/d/de/190916_Lee_Soon-jae.jpg/250px-190916_Lee_Soon-jae.jpg,85,101,이순재,0,1,0,1,1,1956,1,0
101,//upload.wikimedia.org/wikipedia/commons/thumb/4/42/180813_%EC%9D%B4%EC%9B%90%EA%B7%BC.png/250px-180813_%EC%9D%B4%EC%9B%90%EA%B7%BC.png,29,102,이원근,0,0,1,0,0,2012,1,0
102,//upload.wikimedia.org/wikipedia/commons/thumb/4/4e/190325_%EC%9D%B4%EC%9D%B4%EA%B2%BD.jpg/250px-190325_%EC%9D%B4%EC%9D%B4%EA%B2%BD.jpg,31,103,이이경,0,0,1,0,0,2011,1,0
103,//upload.wikimedia.org/wikipedia/commons/thumb/b/b2/Lee_Je-hoon_at_KAFA_10th_anniversary%2C_1_September_2016_01.jpg/250px-Lee_Je-hoon_at_KAFA_10th_anniversary%2C_1_September_2016_01.jpg,36,104,이제훈,0,0,1,0,0,2007,1,0
104,//upload.wikimedia.org/wikipedia/commons/thumb/3/3d/190810_%EC%9D%B4%EC%A4%80%EA%B8%B0.jpg/250px-190810_%EC%9D%B4%EC%A4%80%EA%B8%B0.jpg,38,105,이준기,0,1,1,0,0,2001,1,0
105,//upload.wikimedia.org/wikipedia/commons/thumb/6/6f/151001_%EC%9D%B4%EC%B2%9C%ED%9D%AC.jpg/250px-151001_%EC%9D%B4%EC%B2%9C%ED%9D%AC.jpg,41,106,이천희,0,1,1,1,1,1997,1,0
106,//upload.wikimedia.org/wikipedia/commons/6/6d/Lee_Chul-Min_from_acrofan.jpg,50,107,이철민,0,0,1,1,1,1991,1,0
107,//upload.wikimedia.org/wikipedia/commons/thumb/e/e1/200103_%EC%9D%B4%ED%83%9C%ED%99%98.jpg/250px-200103_%EC%9D%B4%ED%83%9C%ED%99%98.jpg,25,108,이태환,0,1,1,0,0,2013,1,0
108,//upload.wikimedia.org/wikipedia/commons/4/40/%22%EA%B0%80%ED%99%94%EB%A7%8C%EC%82%AC%EC%84%B1%22_%EB%93%9C%EB%9D%BC%EB%A7%A5%EC%8A%A4_ID%EC%98%81%EC%83%81_%EC%9D%B4%ED%95%84%EB%AA%A8.jpg,46,109,이필모,0,0,1,1,1,1999,1,0
109,//upload.wikimedia.org/wikipedia/commons/thumb/b/b5/Lee_Hee-joon.2016.jpg/250px-Lee_Hee-joon.2016.jpg,41,110,이희준,0,1,1,1,0,2007,1,0
110,//upload.wikimedia.org/wikipedia/commons/thumb/c/c4/181023_%EC%9D%B8%EA%B5%90%EC%A7%84.jpg/250px-181023_%EC%9D%B8%EA%B5%90%EC%A7%84.jpg,40,111,인교진,0,0,1,1,1,2000,1,0
111,//upload.wikimedia.org/wikipedia/commons/thumb/d/d6/Kang_Sung.jpg/250px-Kang_Sung.jpg,38,112,임강성,1,0,1,1,0,1997,1,0
112,//upload.wikimedia.org/wikipedia/commons/thumb/c/c1/190903_%EC%9E%84%EC%9B%90%ED%9D%AC.jpg/250px-190903_%EC%9E%84%EC%9B%90%ED%9D%AC.jpg,50,113,임원희,0,0,1,0,0,1995,1,0
113,//upload.wikimedia.org/wikipedia/commons/thumb/1/1b/200122_%EC%9E%84%EC%A3%BC%ED%99%98.png/250px-200122_%EC%9E%84%EC%A3%BC%ED%99%98.png,38,114,임주환,0,0,1,0,0,2004,1,0
114,//upload.wikimedia.org/wikipedia/commons/thumb/6/69/Im_Ha-ryong.2019.jpg/250px-Im_Ha-ryong.2019.jpg,68,115,임하룡,1,1,1,1,1,1981,1,0
115,//upload.wikimedia.org/wikipedia/commons/7/79/180105_%EC%9E%84%ED%98%84%EC%8B%9D.png,74,116,임현식,0,1,0,0,1,1967,1,0
116,//upload.wikimedia.org/wikipedia/commons/thumb/9/9e/Lim_Hyung-Joon_from_acrofan.jpg/250px-Lim_Hyung-Joon_from_acrofan.jpg,46,117,임형준,0,1,1,0,0,1998,1,0
117,//upload.wikimedia.org/wikipedia/commons/thumb/4/4c/Jang_Keun-suk_from_acrofan.jpg/250px-Jang_Keun-suk_from_acrofan.jpg,33,118,장근석,0,0,1,0,0,1993,1,0
118,//upload.wikimedia.org/wikipedia/commons/thumb/e/e0/Jang_Seung-Jo_from_acrofan.jpg/250px-Jang_Seung-Jo_from_acrofan.jpg,38,119,장승조,1,0,1,1,1,2001,1,0
119,//upload.wikimedia.org/wikipedia/commons/thumb/7/7a/161202_%EC%9E%A5%ED%98%84%EC%84%B1_01.png/250px-161202_%EC%9E%A5%ED%98%84%EC%84%B1_01.png,51,120,장현성,0,1,1,1,1,1995,1,0
120,//upload.wikimedia.org/wikipedia/commons/thumb/9/94/191216_%EC%A0%84%EC%84%B1%EC%9A%B0.jpg/250px-191216_%EC%A0%84%EC%84%B1%EC%9A%B0.jpg,32,121,전성우,0,0,1,0,0,2006,1,0
121,//upload.wikimedia.org/wikipedia/commons/thumb/3/32/Jung_Gyu-woon_%28%EC%A0%95%EA%B2%A8%EC%9A%B4%29_in_Jan_2015.jpg/250px-Jung_Gyu-woon_%28%EC%A0%95%EA%B2%A8%EC%9A%B4%29_in_Jan_2015.jpg,38,122,정겨운,0,0,1,1,0,2004,1,0
122,//upload.wikimedia.org/wikipedia/commons/thumb/2/21/Jeong_Dong-Hwan_from_acrofan.jpg/250px-Jeong_Dong-Hwan_from_acrofan.jpg,71,123,정동환,0,1,0,1,1,1968,1,0
123,//upload.wikimedia.org/wikipedia/commons/thumb/8/89/%EC%A0%95%EB%B3%B4%EC%84%9D_Jeong_Bo-seok_0m06s.png/250px-%EC%A0%95%EB%B3%B4%EC%84%9D_Jeong_Bo-seok_0m06s.png,59,124,정보석,0,0,1,1,1,1986,1,0
124,//upload.wikimedia.org/wikipedia/commons/thumb/8/8f/%EC%A0%95%EC%83%81%ED%9B%88_%280h_0m_0s%29.jpg/250px-%EC%A0%95%EC%83%81%ED%9B%88_%280h_0m_0s%29.jpg,44,125,정상훈,0,0,1,1,1,1997,1,0
125,//upload.wikimedia.org/wikipedia/commons/thumb/d/dc/190501_%EC%A0%95%EC%9A%B0%EC%84%B1.jpg/250px-190501_%EC%A0%95%EC%9A%B0%EC%84%B1.jpg,48,126,정우성,0,1,1,0,0,1994,1,0
126,//upload.wikimedia.org/wikipedia/commons/thumb/7/7c/Jung_Woong-in.2019.jpg/250px-Jung_Woong-in.2019.jpg,49,127,정웅인,0,0,1,1,1,1994,1,0
127,//upload.wikimedia.org/wikipedia/commons/thumb/d/d2/Jung_Eun-woo_at_Sep_2018.png/250px-Jung_Eun-woo_at_Sep_2018.png,34,128,정은우,1,0,1,0,0,2006,1,0
128,//upload.wikimedia.org/wikipedia/commons/thumb/e/e0/191025_%EC%A0%95%EC%9D%BC%EC%9A%B0.jpg/250px-191025_%EC%A0%95%EC%9D%BC%EC%9A%B0.jpg,33,129,정일우,0,1,1,0,0,2006,1,0
129,//upload.wikimedia.org/wikipedia/commons/1/14/190603_%EC%A0%95%EC%9E%AC%EC%98%81.jpg,49,130,정재영,1,0,1,1,1,1982,1,0
130,//upload.wikimedia.org/wikipedia/commons/thumb/7/71/140807_%EC%A0%95%EC%A4%80%ED%95%98.jpg/220px-140807_%EC%A0%95%EC%A4%80%ED%95%98.jpg,49,131,정준하,0,1,1,1,0,1995,1,0
131,//upload.wikimedia.org/wikipedia/commons/thumb/1/16/190930_%EC%A0%95%EC%A4%80%ED%98%B8_%282%29.jpg/250px-190930_%EC%A0%95%EC%A4%80%ED%98%B8_%282%29.jpg,50,132,정준호,0,1,1,1,1,1995,1,0
132,//upload.wikimedia.org/wikipedia/commons/thumb/9/99/%EC%A0%95%EC%A7%84%EC%98%81_Jeong_Jin-yeong_pandora_161130_04.png/250px-%EC%A0%95%EC%A7%84%EC%98%81_Jeong_Jin-yeong_pandora_161130_04.png,55,133,정진영,0,0,1,0,0,1988,1,0
133,//upload.wikimedia.org/wikipedia/commons/thumb/e/ea/Jo_Jae-yoon.2019.jpg/250px-Jo_Jae-yoon.2019.jpg,46,134,조재윤,0,0,1,1,0,2003,1,0
134,//upload.wikimedia.org/wikipedia/commons/thumb/5/56/Jo_Jung-suk_in_May_2019.jpg/250px-Jo_Jung-suk_in_May_2019.jpg,39,135,조정석,0,1,1,1,1,2004,1,0
135,//upload.wikimedia.org/wikipedia/commons/thumb/0/0d/Joo_Ji-hoon_in_Jan_2019.png/250px-Joo_Ji-hoon_in_Jan_2019.png,38,136,주지훈,0,0,1,0,0,2003,1,0
136,//upload.wikimedia.org/wikipedia/commons/thumb/d/de/180212_%EC%A7%80%EC%9D%BC%EC%A3%BC.png/250px-180212_%EC%A7%80%EC%9D%BC%EC%A3%BC.png,34,137,지일주,0,0,1,0,0,2007,1,0
137,//upload.wikimedia.org/wikipedia/commons/thumb/4/49/190701_%EC%A7%80%EC%A7%84%ED%9D%AC.jpg/250px-190701_%EC%A7%80%EC%A7%84%ED%9D%AC.jpg,49,138,지진희,0,1,1,1,1,1999,1,0
138,//upload.wikimedia.org/wikipedia/commons/thumb/c/c1/Cha_Seung-won_on_September_24%2C_2012.jpg/250px-Cha_Seung-won_on_September_24%2C_2012.jpg,50,139,차승원,0,1,1,1,1,1988,1,0
139,//upload.wikimedia.org/wikipedia/commons/thumb/2/29/KBS_%22The_Producers%22_press_conference%2C_11_May_2015_06.jpg/250px-KBS_%22The_Producers%22_press_conference%2C_11_May_2015_06.jpg,44,140,차태현,0,1,1,1,1,1995,1,0
140,//upload.wikimedia.org/wikipedia/commons/thumb/7/7b/Chun_Ho-jin.2019.jpg/250px-Chun_Ho-jin.2019.jpg,60,141,천호진,0,1,1,0,0,1983,1,0
141,//upload.wikimedia.org/wikipedia/commons/thumb/1/16/191231_%EC%B5%9C%EB%8C%80%EC%B2%A0.jpg/250px-191231_%EC%B5%9C%EB%8C%80%EC%B2%A0.jpg,42,142,최대철,1,0,1,1,1,2002,1,0
142,//upload.wikimedia.org/wikipedia/commons/thumb/b/b6/2000%EB%A6%AC%EB%B2%A0%EB%9D%BC%EB%A9%9428.jpg/250px-2000%EB%A6%AC%EB%B2%A0%EB%9D%BC%EB%A9%9428.jpg,58,143,최민수,0,0,1,1,1,1985,1,0
143,//upload.wikimedia.org/wikipedia/commons/thumb/5/5d/Choi_Min-sik.jpg/250px-Choi_Min-sik.jpg,58,144,최민식,0,1,1,0,0,1989,1,0
144,//upload.wikimedia.org/wikipedia/commons/thumb/5/5d/Choi_Bool-am_from_acrofan.jpg/250px-Choi_Bool-am_from_acrofan.jpg,80,145,최불암,1,1,0,1,1,1959,1,0
145,//upload.wikimedia.org/wikipedia/commons/thumb/2/26/190530_%EC%B5%9C%EC%84%B1%EC%9E%AC.jpg/270px-190530_%EC%B5%9C%EC%84%B1%EC%9E%AC.jpg,36,146,최성재,0,0,1,0,0,2002,1,0
146,//upload.wikimedia.org/wikipedia/commons/thumb/b/b5/Choi_Joo-Bong.jpg/250px-Choi_Joo-Bong.jpg,75,147,최주봉,0,1,0,0,1,1969,1,0
147,//upload.wikimedia.org/wikipedia/commons/thumb/2/20/170322_%EC%B5%9C%EC%A7%84%ED%98%81_%281%29.jpg/250px-170322_%EC%B5%9C%EC%A7%84%ED%98%81_%281%29.jpg,34,148,최진혁,1,0,1,0,0,2006,1,0
148,//upload.wikimedia.org/wikipedia/commons/thumb/3/3b/%EC%B5%9C%EC%B0%BD%EB%AF%BC_%28South_Korean_actor%2C_born_1981%29.jpg/250px-%EC%B5%9C%EC%B0%BD%EB%AF%BC_%28South_Korean_actor%2C_born_1981%29.jpg,39,149,최창민,0,0,1,0,0,1998,1,0
149,//upload.wikimedia.org/wikipedia/commons/thumb/c/c0/Choi_Cheol-ho_from_acrofan.jpg/250px-Choi_Cheol-ho_from_acrofan.jpg,50,150,최철호,0,0,1,1,1,1990,1,0
150,//upload.wikimedia.org/wikipedia/commons/f/f6/160329_%EC%98%81%ED%99%94_%EC%BB%A4%ED%84%B0_VIP_%EC%8B%9C%EC%82%AC%ED%9A%8C_08.jpg,29,151,최태준,0,1,1,0,0,2001,1,0
151,//upload.wikimedia.org/wikipedia/commons/thumb/0/0b/190604_%ED%95%98%EC%84%9D%EC%A7%84.jpg/250px-190604_%ED%95%98%EC%84%9D%EC%A7%84.jpg,38,152,하석진,0,0,1,0,0,2005,1,0
152,//upload.wikimedia.org/wikipedia/commons/thumb/6/6a/190702_%ED%95%9C%EC%84%9D%EA%B7%9C.jpg/250px-190702_%ED%95%9C%EC%84%9D%EA%B7%9C.jpg,56,153,한석규,0,1,1,1,1,1990,1,0
153,//upload.wikimedia.org/wikipedia/commons/thumb/b/b9/181024_%ED%97%88%EC%A4%80%ED%98%B8.png/250px-181024_%ED%97%88%EC%A4%80%ED%98%B8.png,56,154,허준호,0,1,1,0,1,1986,1,0
154,//upload.wikimedia.org/wikipedia/commons/thumb/c/c4/Hyun_Woo_Sung_from_acrofan.jpg/250px-Hyun_Woo_Sung_from_acrofan.jpg,41,155,현우성,0,0,0,0,0,2010,1,0
155,//upload.wikimedia.org/wikipedia/commons/5/55/Hong_Kyung-In.jpg,44,156,홍경인,0,1,1,1,0,1988,1,0
156,//upload.wikimedia.org/wikipedia/commons/thumb/2/2b/Kang_Boo-ja_chopped.jpg/250px-Kang_Boo-ja_chopped.jpg,79,157,강부자,0,1,0,1,1,1962,0,0
157,//upload.wikimedia.org/wikipedia/ko/thumb/5/5e/MOONLIGHT.2009.jpg/200px-MOONLIGHT.2009.jpg,54,158,강수연,0,1,0,0,0,1969,0,0
158,//upload.wikimedia.org/wikipedia/commons/thumb/c/ca/Kang_Ye-bin_%28%EA%B0%95%EC%98%88%EB%B9%88%29_from_acrofan.jpg/250px-Kang_Ye-bin_%28%EA%B0%95%EC%98%88%EB%B9%88%29_from_acrofan.jpg,37,159,강예빈,0,0,0,0,0,2004,0,0
159,//upload.wikimedia.org/wikipedia/commons/thumb/0/01/Kang_Ye-won_%28%EA%B0%95%EC%98%88%EC%9B%90%29_in_Jan_2015.jpg/250px-Kang_Ye-won_%28%EA%B0%95%EC%98%88%EC%9B%90%29_in_Jan_2015.jpg,40,160,강예원,1,1,1,0,0,2001,0,0
160,//upload.wikimedia.org/wikipedia/commons/thumb/f/fd/Kang_Han-na_-_Park_Soo-jin_%22My_Story%22_Behind_the_scenes.jpg/250px-Kang_Han-na_-_Park_Soo-jin_%22My_Story%22_Behind_the_scenes.jpg,31,161,강한나,0,0,1,0,0,2009,0,0
161,//upload.wikimedia.org/wikipedia/commons/8/8a/Kang_Hye-jung_%282012%2C_cropped%29.jpg,38,162,강혜정,0,0,1,1,1,1997,0,0
162,//upload.wikimedia.org/wikipedia/commons/thumb/4/41/Kyung_Soo-jin_in_2016.jpg/220px-Kyung_Soo-jin_in_2016.jpg,33,163,경수진,0,0,1,0,0,2012,0,0
163,//upload.wikimedia.org/wikipedia/commons/thumb/7/7a/Go_Du-sim_from_acrofan.jpg/250px-Go_Du-sim_from_acrofan.jpg,69,164,고두심,0,1,1,0,1,1972,0,0
164,//upload.wikimedia.org/wikipedia/commons/thumb/4/40/Go_Sung-hee_at_%22Trade_Love%22_conference%2C_9_January_2019_05.jpg/250px-Go_Sung-hee_at_%22Trade_Love%22_conference%2C_9_January_2019_05.jpg,30,165,고성희,0,0,1,0,0,2013,0,0
165,//upload.wikimedia.org/wikipedia/commons/thumb/c/c7/195016_%EA%B3%A0%EC%86%8C%EC%98%81.jpg/250px-195016_%EA%B3%A0%EC%86%8C%EC%98%81.jpg,48,166,고소영,0,1,0,1,1,1992,0,0
166,//upload.wikimedia.org/wikipedia/commons/thumb/a/ae/Go_Ara_in_Hwarang_Promotion_in_January_2017.png/250px-Go_Ara_in_Hwarang_Promotion_in_January_2017.png,30,167,고아라,0,0,1,0,0,2003,0,0
167,//upload.wikimedia.org/wikipedia/commons/thumb/1/15/190501_%EA%B3%A0%EC%95%84%EC%84%B1.jpg/250px-190501_%EA%B3%A0%EC%95%84%EC%84%B1.jpg,28,168,고아성,0,1,1,0,0,2004,0,0
168,//upload.wikimedia.org/wikipedia/commons/thumb/3/36/180702_%EA%B3%A0%EC%9B%90%ED%9D%AC.jpg/250px-180702_%EA%B3%A0%EC%9B%90%ED%9D%AC.jpg,26,169,고원희,0,0,1,0,0,2011,0,0
169,//upload.wikimedia.org/wikipedia/commons/thumb/d/d5/190916_%EA%B3%B5%EC%8A%B9%EC%97%B0.jpg/250px-190916_%EA%B3%B5%EC%8A%B9%EC%97%B0.jpg,27,170,공승연,1,0,1,0,0,2012,0,0
170,//upload.wikimedia.org/wikipedia/commons/thumb/1/1a/Gong_Hyo_Jin_%28Sep_2016%29.png/250px-Gong_Hyo_Jin_%28Sep_2016%29.png,40,171,공효진,0,1,1,0,0,1999,0,0
171,//upload.wikimedia.org/wikipedia/commons/b/b8/Kwak_Jin-young.jpg,50,172,곽진영,0,0,0,0,0,1991,0,0
172,//upload.wikimedia.org/wikipedia/commons/thumb/e/e8/Keum_Sae_Rok_at_2019_The_Fiery_Priest_press_conference.png/250px-Keum_Sae_Rok_at_2019_The_Fiery_Priest_press_conference.png,28,173,금새록,0,0,1,0,0,2011,0,0
173,//upload.wikimedia.org/wikipedia/commons/thumb/e/e1/Kim-ga-yeon.jpg/250px-Kim-ga-yeon.jpg,48,174,김가연,1,1,1,1,1,1994,0,0
174,//upload.wikimedia.org/wikipedia/commons/thumb/e/e9/Kim_Kkot-Bi.jpg/250px-Kim_Kkot-Bi.jpg,34,175,김꽃비,0,0,1,0,0,1997,0,0
175,//upload.wikimedia.org/wikipedia/commons/thumb/c/c9/Kim_Na-Woon.jpg/250px-Kim_Na-Woon.jpg,50,176,김나운,0,1,1,1,0,1987,0,0
176,//upload.wikimedia.org/wikipedia/commons/thumb/f/fb/Kim_Dami_20200130.jpg/250px-Kim_Dami_20200130.jpg,25,177,김다미,0,0,1,0,0,2017,0,0
177,//upload.wikimedia.org/wikipedia/commons/thumb/6/6a/Kim_Bin-Woo.jpg/220px-Kim_Bin-Woo.jpg,38,178,김빈우,1,1,0,1,0,2001,0,0
178,//upload.wikimedia.org/wikipedia/commons/thumb/a/aa/191010_%EA%B9%80%EC%83%88%EB%A1%A0_%281%29.jpg/250px-191010_%EA%B9%80%EC%83%88%EB%A1%A0_%281%29.jpg,20,179,김새론,0,0,1,0,0,2009,0,0
179,//upload.wikimedia.org/wikipedia/commons/thumb/7/70/181122_%EA%B9%80%EC%84%9C%ED%98%95.png/270px-181122_%EA%B9%80%EC%84%9C%ED%98%95.png,47,180,김서형,0,0,1,0,0,1994,0,0
180,//upload.wikimedia.org/wikipedia/commons/thumb/6/69/Kim_Sung-ryung_190418.png/250px-Kim_Sung-ryung_190418.png,53,181,김성령,0,1,1,1,1,1988,0,0
181,//upload.wikimedia.org/wikipedia/commons/thumb/0/00/Kim_Ah_Joong.jpg/250px-Kim_Ah_Joong.jpg,38,182,김아중,0,1,1,0,0,2004,0,0
182,//upload.wikimedia.org/wikipedia/commons/thumb/1/19/Kim_Yeo-jin_in_2018.png/250px-Kim_Yeo-jin_in_2018.png,48,183,김여진,0,1,1,1,0,1993,0,0
183,//upload.wikimedia.org/wikipedia/commons/thumb/0/01/Kim_Yoon-Seo.jpg/250px-Kim_Yoon-Seo.jpg,34,184,김윤서,1,0,1,0,0,2010,0,0
184,//upload.wikimedia.org/wikipedia/commons/thumb/0/03/Kim_EZ.jpg/250px-Kim_EZ.jpg,41,185,김이지,1,0,0,1,0,1997,0,0
185,//upload.wikimedia.org/wikipedia/commons/thumb/b/bc/190511_%EA%B9%80%EC%A0%95%ED%99%94.jpg/250px-190511_%EA%B9%80%EC%A0%95%ED%99%94.jpg,37,186,김정화,0,0,1,1,1,2000,0,0
186,//upload.wikimedia.org/wikipedia/commons/thumb/7/76/200218_%EA%B9%80%ED%83%9C%ED%9D%AC_%282%29.jpg/250px-200218_%EA%B9%80%ED%83%9C%ED%9D%AC_%282%29.jpg,40,187,김태희,0,1,1,1,1,2000,0,0
187,//upload.wikimedia.org/wikipedia/commons/thumb/e/ee/191231_%EA%B9%80%ED%95%98%EA%B2%BD.jpg/250px-191231_%EA%B9%80%ED%95%98%EA%B2%BD.jpg,28,188,김하경,0,1,1,0,0,2010,0,0
188,//upload.wikimedia.org/wikipedia/commons/thumb/d/d4/191028_%EA%B9%80%ED%96%A5%EA%B8%B0_%281%29.jpg/250px-191028_%EA%B9%80%ED%96%A5%EA%B8%B0_%281%29.jpg,20,189,김향기,0,1,1,0,0,2003,0,0
189,//upload.wikimedia.org/wikipedia/commons/thumb/c/c7/Kim_Hae-sook_in_March_2019.png/250px-Kim_Hae-sook_in_March_2019.png,64,190,김해숙,0,1,1,0,1,1975,0,0
190,//upload.wikimedia.org/wikipedia/commons/thumb/4/4c/190425_%EA%B9%80%ED%98%9C%EC%98%A5.jpg/250px-190425_%EA%B9%80%ED%98%9C%EC%98%A5.jpg,62,191,김혜옥,0,1,1,0,0,1978,0,0
191,//upload.wikimedia.org/wikipedia/commons/thumb/d/d8/Kim_hye_yoon_2019_10_02.jpg/250px-Kim_hye_yoon_2019_10_02.jpg,23,192,김혜윤,0,1,1,0,0,2013,0,0
192,//upload.wikimedia.org/wikipedia/commons/thumb/a/a0/Kim_Hye-ja_in_Feb_2019.png/250px-Kim_Hye-ja_in_Feb_2019.png,79,193,김혜자,0,1,0,1,1,1963,0,0
193,//upload.wikimedia.org/wikipedia/commons/thumb/e/e2/Kim_Hee-ae_in_2019_%28cropped%29.png/250px-Kim_Hee-ae_in_2019_%28cropped%29.png,53,194,김희애,0,1,1,0,0,1983,0,0
194,//upload.wikimedia.org/wikipedia/commons/thumb/a/af/190713_%EB%82%98%EB%AC%B8%ED%9D%AC.jpg/250px-190713_%EB%82%98%EB%AC%B8%ED%9D%AC.jpg,78,195,나문희,1,1,1,0,1,1960,0,0
195,//upload.wikimedia.org/wikipedia/commons/e/ee/190425_%EB%82%98%ED%98%9C%EB%AF%B8_%282%29.jpg,29,196,나혜미,0,1,1,1,0,2001,0,0
196,//upload.wikimedia.org/wikipedia/commons/thumb/e/e4/190502_%EB%82%A8%EA%B7%9C%EB%A6%AC.jpg/250px-190502_%EB%82%A8%EA%B7%9C%EB%A6%AC.jpg,36,197,남규리,1,0,0,0,0,2006,0,0
197,//upload.wikimedia.org/wikipedia/commons/thumb/3/3d/181020_%EB%82%A8%EB%B3%B4%EB%9D%BC_%282%29.jpg/250px-181020_%EB%82%A8%EB%B3%B4%EB%9D%BC_%282%29.jpg,30,198,남보라,0,1,1,0,0,2006,0,0
198,//upload.wikimedia.org/wikipedia/commons/thumb/a/a3/190214_%EB%82%A8%EC%83%81%EB%AF%B8_%284%29.jpg/250px-190214_%EB%82%A8%EC%83%81%EB%AF%B8_%284%29.jpg,36,199,남상미,0,0,1,1,1,2002,0,0
199,//upload.wikimedia.org/wikipedia/commons/thumb/c/ce/190521_%EB%8F%84%EC%A7%80%EC%9B%90.jpg/250px-190521_%EB%8F%84%EC%A7%80%EC%9B%90.jpg,54,200,도지원,0,1,1,0,0,1989,0,0
200,//upload.wikimedia.org/wikipedia/commons/thumb/5/58/Ra_Mi-ran_in_2017.jpg/250px-Ra_Mi-ran_in_2017.jpg,45,201,라미란,0,0,1,1,1,2005,0,0
201,//upload.wikimedia.org/wikipedia/commons/8/89/181230_%272018_MBC_%EC%97%B0%EA%B8%B0%EB%8C%80%EC%83%81%27_%EB%A0%88%EB%93%9C%EC%B9%B4%ED%8E%AB_%EB%A5%98%ED%95%9C%EB%B9%84.jpg,16,202,류한비,0,1,0,0,0,2014,0,0
202,//upload.wikimedia.org/wikipedia/commons/thumb/c/c8/Ryu_Hyun-Kyung.jpg/250px-Ryu_Hyun-Kyung.jpg,37,203,류현경,0,1,1,0,0,1996,0,0
203,//upload.wikimedia.org/wikipedia/commons/thumb/2/2e/180501_%EB%AC%B8%EA%B0%80%EC%98%81_03.jpg/220px-180501_%EB%AC%B8%EA%B0%80%EC%98%81_03.jpg,24,204,문가영,0,0,1,0,0,2006,0,0
204,//upload.wikimedia.org/wikipedia/commons/thumb/e/e9/191012_%EB%AC%B8%EA%B7%BC%EC%98%81.jpg/250px-191012_%EB%AC%B8%EA%B7%BC%EC%98%81.jpg,33,205,문근영,0,1,0,0,0,1999,0,0
205,//upload.wikimedia.org/wikipedia/commons/thumb/4/42/180813_%EB%AC%B8%EC%B1%84%EC%9B%90_%283%29.png/250px-180813_%EB%AC%B8%EC%B1%84%EC%9B%90_%283%29.png,33,206,문채원,0,1,1,0,0,2007,0,0
206,//upload.wikimedia.org/wikipedia/commons/9/97/Min_Ji-young_from_acrofan.jpg,41,207,민지영,1,1,0,1,1,1999,0,0
207,//upload.wikimedia.org/wikipedia/commons/thumb/1/1f/180928_%EB%AF%BC%ED%9A%A8%EB%A6%B0.jpg/250px-180928_%EB%AF%BC%ED%9A%A8%EB%A6%B0.jpg,34,208,민효린,1,1,1,1,0,2006,0,0
208,//upload.wikimedia.org/wikipedia/commons/thumb/0/0d/190905_%EB%B0%95%EB%AF%BC%EC%98%81.jpg/250px-190905_%EB%B0%95%EB%AF%BC%EC%98%81.jpg,34,209,박민영,0,0,1,0,0,2006,0,0
209,//upload.wikimedia.org/wikipedia/commons/thumb/7/76/Park_Min-ji_from_acrofan.jpg/250px-Park_Min-ji_from_acrofan.jpg,31,210,박민지,0,0,1,0,0,2003,0,0
210,//upload.wikimedia.org/wikipedia/commons/thumb/2/2e/190501_%EB%B0%95%EC%84%B8%EC%99%84_%281%29.jpg/250px-190501_%EB%B0%95%EC%84%B8%EC%99%84_%281%29.jpg,26,211,박세완,0,0,1,0,0,2016,0,0
211,//upload.wikimedia.org/wikipedia/commons/thumb/4/44/Park_So-dam%2C_2015_%28cropped%29.jpg/250px-Park_So-dam%2C_2015_%28cropped%29.jpg,29,212,박소담,0,1,1,0,0,2013,0,0
212,//upload.wikimedia.org/wikipedia/commons/thumb/6/66/Park_Soo-jin_at_the_2014_Seoul_Fashion_Week.JPG/250px-Park_Soo-jin_at_the_2014_Seoul_Fashion_Week.JPG,34,213,박수진,0,1,1,1,1,2002,0,0
213,//upload.wikimedia.org/wikipedia/commons/thumb/4/44/Park_Si-Yeon.jpg/220px-Park_Si-Yeon.jpg,41,214,박시연,1,0,1,1,1,2000,0,0
214,//upload.wikimedia.org/wikipedia/commons/3/3f/181210_%EC%8A%A4%EC%99%80%EB%A1%9C%EB%B8%8C%EC%8A%A4%ED%82%A4_%ED%8F%AC%ED%86%A0%EC%9B%94_%EB%B0%95%EC%8B%A0%ED%98%9C.jpg,30,215,박신혜,0,1,1,0,0,2003,0,0
215,//upload.wikimedia.org/wikipedia/commons/thumb/2/28/Park_Young-rin.jpg/250px-Park_Young-rin.jpg,36,216,박영린,0,0,1,0,0,2006,0,0
216,//upload.wikimedia.org/wikipedia/commons/thumb/e/e5/Park_Ye-Jin.jpg/250px-Park_Ye-Jin.jpg,39,217,박예진,0,1,1,1,0,1999,0,0
217,//upload.wikimedia.org/wikipedia/commons/thumb/4/42/190713_%EB%B0%95%EC%9B%90%EC%88%99.jpg/250px-190713_%EB%B0%95%EC%9B%90%EC%88%99.jpg,71,218,박원숙,0,1,0,0,0,1970,0,0
218,//upload.wikimedia.org/wikipedia/commons/thumb/0/08/180212_%EB%B0%95%EC%9D%80%EB%B9%88.png/250px-180212_%EB%B0%95%EC%9D%80%EB%B9%88.png,28,219,박은빈,0,1,1,0,0,1998,0,0
219,//upload.wikimedia.org/wikipedia/commons/thumb/0/06/180212_%EB%B0%95%EC%A7%84%EC%A3%BC.png/220px-180212_%EB%B0%95%EC%A7%84%EC%A3%BC.png,31,220,박진주,0,0,1,0,0,2008,0,0
220,//upload.wikimedia.org/wikipedia/commons/thumb/3/36/Park_Hee-Jin.jpg/250px-Park_Hee-Jin.jpg,47,221,박희진,0,1,1,0,0,1999,0,0
221,//upload.wikimedia.org/wikipedia/commons/thumb/1/15/Doona_Bae_promoting_The_Tunnel.png/220px-Doona_Bae_promoting_The_Tunnel.png,41,222,배두나,0,0,1,0,0,1998,0,0
222,//upload.wikimedia.org/wikipedia/commons/thumb/a/a8/Suzy_at_a_fansigning_event%2C_31_January_2017_01.jpg/220px-Suzy_at_a_fansigning_event%2C_31_January_2017_01.jpg,26,223,배수지,1,1,1,0,0,2010,0,0
223,//upload.wikimedia.org/wikipedia/commons/thumb/3/38/Bae_Seul-ki_from_acrofan.jpg/250px-Bae_Seul-ki_from_acrofan.jpg,34,224,배슬기,0,1,1,1,0,2005,0,0
224,//upload.wikimedia.org/wikipedia/commons/thumb/f/f5/Bae_Jong-ok.jpg/250px-Bae_Jong-ok.jpg,56,225,배종옥,1,1,1,0,0,1985,0,0
225,//upload.wikimedia.org/wikipedia/commons/thumb/f/fd/2017%EB%85%84_Marie_Claire_Korea_%EB%B0%B1%EC%A7%84%ED%9D%AC_01.png/250px-2017%EB%85%84_Marie_Claire_Korea_%EB%B0%B1%EC%A7%84%ED%9D%AC_01.png,30,226,백진희,0,0,1,0,0,2008,0,0
226,//upload.wikimedia.org/wikipedia/commons/thumb/e/e7/200103_%EB%B3%80%EC%A0%95%EC%88%98.jpg/250px-200103_%EB%B3%80%EC%A0%95%EC%88%98.jpg,46,227,변정수,0,1,1,1,1,1995,0,0
227,//upload.wikimedia.org/wikipedia/commons/thumb/8/8a/160217_%EC%84%9C%EB%AF%BC%EC%A7%80.jpg/250px-160217_%EC%84%9C%EB%AF%BC%EC%A7%80.jpg,28,228,서민지,0,0,1,0,0,2008,0,0
228,//upload.wikimedia.org/wikipedia/commons/thumb/8/8e/191209_%EC%84%9C%EC%A7%80%ED%98%9C.jpg/250px-191209_%EC%84%9C%EC%A7%80%ED%98%9C.jpg,36,229,서지혜,0,0,1,0,0,2003,0,0
229,//upload.wikimedia.org/wikipedia/commons/thumb/c/ce/%EC%84%A4%EC%9D%B8%EC%95%84.jpg/250px-%EC%84%A4%EC%9D%B8%EC%95%84.jpg,24,230,설인아,1,1,1,0,0,2015,0,0
230,//upload.wikimedia.org/wikipedia/commons/thumb/8/80/So_Yi-hyun_from_acrofan.jpg/250px-So_Yi-hyun_from_acrofan.jpg,36,231,소이현,1,0,1,1,1,2002,0,0
231,//upload.wikimedia.org/wikipedia/commons/thumb/5/58/Sun_Sung-yoon_in_Jan_2019.png/250px-Sun_Sung-yoon_in_Jan_2019.png,36,232,손성윤,0,0,1,0,0,2005,0,0
232,//upload.wikimedia.org/wikipedia/commons/thumb/7/79/Son_Yeo-Eun_%282%29.jpg/220px-Son_Yeo-Eun_%282%29.jpg,37,233,손여은,1,1,0,0,0,2004,0,0
233,//upload.wikimedia.org/wikipedia/commons/thumb/d/d8/Son_Eun-Seo.jpg/250px-Son_Eun-Seo.jpg,35,234,손은서,1,0,1,0,0,2006,0,0
234,//upload.wikimedia.org/wikipedia/commons/thumb/f/f6/Song_Sun-Mi.jpg/250px-Song_Sun-Mi.jpg,45,235,송선미,0,0,1,1,1,1996,0,0
235,//upload.wikimedia.org/wikipedia/commons/thumb/1/1b/Soong_Ha-yoon_in_2017.jpg/220px-Soong_Ha-yoon_in_2017.jpg,33,236,송하윤,1,0,1,0,0,2003,0,0
236,//upload.wikimedia.org/wikipedia/commons/thumb/2/22/IFFR2015_-_d8_-_Shin_Dong-Mi-1.jpg/250px-IFFR2015_-_d8_-_Shin_Dong-Mi-1.jpg,43,237,신동미,0,0,1,1,0,1998,0,0
237,//upload.wikimedia.org/wikipedia/commons/thumb/0/08/Shin_Min_A.jpg/250px-Shin_Min_A.jpg,36,238,신민아,1,0,1,0,0,1998,0,0
238,//upload.wikimedia.org/wikipedia/commons/thumb/a/ab/190717_%EC%8B%A0%EC%84%B8%EA%B2%BD.jpg/250px-190717_%EC%8B%A0%EC%84%B8%EA%B2%BD.jpg,30,239,신세경,0,1,1,0,0,1998,0,0
239,//upload.wikimedia.org/wikipedia/commons/thumb/9/9f/181230_%EC%8B%A0%EC%9D%80%EC%88%98.jpg/250px-181230_%EC%8B%A0%EC%9D%80%EC%88%98.jpg,18,240,신은수,0,0,1,0,0,2016,0,0
240,//upload.wikimedia.org/wikipedia/commons/thumb/0/01/190521_%EC%8B%A0%ED%98%9C%EC%84%A0.jpg/220px-190521_%EC%8B%A0%ED%98%9C%EC%84%A0.jpg,31,241,신혜선,0,1,1,0,0,2013,0,0
241,//upload.wikimedia.org/wikipedia/commons/thumb/6/6a/200108_%EC%8B%AC%EC%9D%80%EA%B2%BD.jpg/250px-200108_%EC%8B%AC%EC%9D%80%EA%B2%BD.jpg,26,242,심은경,0,0,1,0,0,2004,0,0
242,//upload.wikimedia.org/wikipedia/commons/thumb/7/77/Shim_Eun_Jin_from_acrofan.jpg/250px-Shim_Eun_Jin_from_acrofan.jpg,39,243,심은진,0,1,1,0,0,1998,0,0
243,//upload.wikimedia.org/wikipedia/commons/thumb/2/2c/Sim_I-yeong_from_acrofan.jpg/250px-Sim_I-yeong_from_acrofan.jpg,40,244,심이영,1,1,1,1,1,2000,0,0
244,//upload.wikimedia.org/wikipedia/commons/thumb/c/c6/Ahn_Sun-Young.jpg/250px-Ahn_Sun-Young.jpg,44,245,안선영,0,1,0,1,1,1994,0,0
245,//upload.wikimedia.org/wikipedia/commons/thumb/d/df/Ahn_Hye-Kyung.jpg/250px-Ahn_Hye-Kyung.jpg,41,246,안혜경,0,0,1,0,0,2001,0,0
246,//upload.wikimedia.org/wikipedia/commons/thumb/1/1b/Yang_Jung-Ah.jpg/250px-Yang_Jung-Ah.jpg,49,247,양정아,0,1,1,1,1,1992,0,0
247,//upload.wikimedia.org/wikipedia/commons/thumb/9/99/131123_%EC%97%84%EC%A0%95%ED%99%94.jpg/250px-131123_%EC%97%84%EC%A0%95%ED%99%94.jpg,49,248,엄정화,0,1,1,0,0,1993,0,0
248,//upload.wikimedia.org/wikipedia/commons/thumb/e/e7/190510_%EC%97%84%ED%98%84%EA%B2%BD.jpg/250px-190510_%EC%97%84%ED%98%84%EA%B2%BD.jpg,34,249,엄현경,0,1,1,0,0,2005,0,0
249,//upload.wikimedia.org/wikipedia/commons/thumb/b/bd/181122_%EC%97%BC%EC%A0%95%EC%95%84.png/250px-181122_%EC%97%BC%EC%A0%95%EC%95%84.png,48,250,염정아,0,1,1,1,1,1991,0,0
250,//upload.wikimedia.org/wikipedia/commons/thumb/2/2f/181011_%EC%98%88%EC%88%98%EC%A0%95.jpg/250px-181011_%EC%98%88%EC%88%98%EC%A0%95.jpg,65,251,예수정,0,0,1,0,1,1973,0,0
251,//upload.wikimedia.org/wikipedia/commons/thumb/4/42/190708_%EC%98%88%EC%A7%80%EC%9B%90.jpg/250px-190708_%EC%98%88%EC%A7%80%EC%9B%90.jpg,47,252,예지원,1,1,1,0,0,1996,0,0
252,//upload.wikimedia.org/wikipedia/commons/thumb/7/7a/Oh_Seung-hyeon_from_acrofan.jpg/250px-Oh_Seung-hyeon_from_acrofan.jpg,42,253,오승현,1,1,1,0,0,2000,0,0
253,//upload.wikimedia.org/wikipedia/commons/thumb/d/d4/170821_%EC%98%A4%EC%97%B0%EC%84%9C_09.jpg/250px-170821_%EC%98%A4%EC%97%B0%EC%84%9C_09.jpg,33,254,오연서,1,0,1,0,0,2002,0,0
254,//upload.wikimedia.org/wikipedia/commons/thumb/5/50/Oh_Young-Sil_from_acrofan.jpg/110px-Oh_Young-Sil_from_acrofan.jpg,55,255,오영실,0,1,1,1,1,1987,0,0
255,//upload.wikimedia.org/wikipedia/commons/thumb/2/2f/Oh_Yoon-ah%2C_2011_%28cropped%29.jpg/220px-Oh_Yoon-ah%2C_2011_%28cropped%29.jpg,40,256,오윤아,0,0,1,1,1,2000,0,0
256,//upload.wikimedia.org/wikipedia/commons/thumb/d/d7/Wang_Bit-na_in_Feb_2019.png/250px-Wang_Bit-na_in_Feb_2019.png,39,257,왕빛나,0,1,1,1,1,2001,0,0
257,//upload.wikimedia.org/wikipedia/commons/thumb/d/d7/190920_%EC%9B%90%EC%A7%84%EC%95%84.jpg/250px-190920_%EC%9B%90%EC%A7%84%EC%95%84.jpg,29,258,원진아,0,0,1,0,0,2015,0,0
258,//upload.wikimedia.org/wikipedia/ko/thumb/4/4e/YOU.JIIN.20060329.jpg/250px-YOU.JIIN.20060329.jpg,64,259,유지인,1,0,1,1,1,1973,0,0
259,//upload.wikimedia.org/wikipedia/commons/thumb/b/b9/Yoo_Ho-Rin.jpg/250px-Yoo_Ho-Rin.jpg,36,260,유호린,1,0,1,0,0,2006,0,0
260,//upload.wikimedia.org/wikipedia/commons/thumb/1/13/Yoon_So-yi_in_May_2019.png/250px-Yoon_So-yi_in_May_2019.png,35,261,윤소이,1,1,1,1,0,2001,0,0
261,//upload.wikimedia.org/wikipedia/commons/thumb/9/92/Yoon_Ah-jeong_from_acrofan.jpg/220px-Yoon_Ah-jeong_from_acrofan.jpg,36,262,윤아정,0,0,1,0,0,2008,0,0
262,//upload.wikimedia.org/wikipedia/commons/d/df/Yoon_Yeo-jeong_at_the_2016_Women_In_Film_Korea_Festival_and_Kim_Taer-ri_at_the_2016_Women_In_Film_Korea_Festival.jpg,73,263,윤여정,0,0,1,0,1,1966,0,0
263,//upload.wikimedia.org/wikipedia/commons/thumb/6/6b/Yoon_Eun-Hye_%282%29.jpg/250px-Yoon_Eun-Hye_%282%29.jpg,36,264,윤은혜,0,1,1,0,0,1999,0,0
264,//upload.wikimedia.org/wikipedia/commons/thumb/7/73/Yoon_Ju-hee_from_acrofan.jpg/250px-Yoon_Ju-hee_from_acrofan.jpg,35,265,윤주희,0,0,1,0,0,2004,0,0
265,//upload.wikimedia.org/wikipedia/commons/thumb/c/c4/Yoon_Ji-Min.jpg/250px-Yoon_Ji-Min.jpg,43,266,윤지민,1,0,1,1,1,2006,0,0
266,//upload.wikimedia.org/wikipedia/commons/thumb/4/40/Yoon_Jin-seo_at_the_Sunday_Punch_premiere_106.jpg/250px-Yoon_Jin-seo_at_the_Sunday_Punch_premiere_106.jpg,37,267,윤진서,1,0,0,0,0,2001,0,0
267,//upload.wikimedia.org/wikipedia/commons/thumb/b/b7/Lee_Na-young_in_Jan_2019.png/250px-Lee_Na-young_in_Jan_2019.png,41,268,이나영,0,0,1,1,1,1998,0,0
268,//upload.wikimedia.org/wikipedia/commons/thumb/5/51/190214_%EC%9D%B4%EB%AF%B8%EC%88%99.jpg/250px-190214_%EC%9D%B4%EB%AF%B8%EC%88%99.jpg,61,269,이미숙,0,1,1,1,1,1978,0,0
269,//upload.wikimedia.org/wikipedia/commons/thumb/7/74/Lee_Bo-Hee.jpg/250px-Lee_Bo-Hee.jpg,61,270,이보희,1,0,1,0,0,1978,0,0
270,//upload.wikimedia.org/wikipedia/commons/thumb/f/f2/Lee_Sung-kyung_at_32nd_Golden_Disc_Awards%2C_10_January_2018.jpg/250px-Lee_Sung-kyung_at_32nd_Golden_Disc_Awards%2C_10_January_2018.jpg,30,271,이성경,0,1,1,0,0,2008,0,0
271,//upload.wikimedia.org/wikipedia/commons/thumb/a/aa/Lee_Seung-yeon_in_Dec_2018.jpg/300px-Lee_Seung-yeon_in_Dec_2018.jpg,52,272,이승연,0,1,1,1,1,1992,0,0
272,//upload.wikimedia.org/wikipedia/commons/thumb/a/ad/Lee_Yeon-Doo_from_acrofan.jpg/250px-Lee_Yeon-Doo_from_acrofan.jpg,36,273,이연두,1,1,1,0,0,2006,0,0
273,//upload.wikimedia.org/wikipedia/commons/thumb/b/b8/191212_%EC%9D%B4%EC%97%B4%EC%9D%8C_%281%29.jpg/250px-191212_%EC%9D%B4%EC%97%B4%EC%9D%8C_%281%29.jpg,24,274,이열음,1,0,1,0,0,2013,0,0
274,//upload.wikimedia.org/wikipedia/commons/thumb/8/85/Lee_Young-ae_in_2017.jpg/250px-Lee_Young-ae_in_2017.jpg,49,275,이영애,0,0,1,1,1,1990,0,0
275,//upload.wikimedia.org/wikipedia/commons/thumb/7/7f/170712_%EC%9D%B4%EC%98%81%EC%9C%A0.jpg/250px-170712_%EC%9D%B4%EC%98%81%EC%9C%A0.jpg,22,276,이영유,1,0,0,0,0,2003,0,0
276,//upload.wikimedia.org/wikipedia/commons/thumb/6/6b/Lee_Yo-won_in_2018.jpg/220px-Lee_Yo-won_in_2018.jpg,40,277,이요원,0,1,1,1,0,1998,0,0
277,//upload.wikimedia.org/wikipedia/commons/thumb/e/e0/Lee_Yoo-ri_at_Aug_2018.png/250px-Lee_Yoo-ri_at_Aug_2018.png,40,278,이유리,0,1,1,1,0,2001,0,0
278,//upload.wikimedia.org/wikipedia/commons/thumb/f/fb/170322_%EC%9D%B4%EC%9C%A0%EC%98%81_%282%29.jpg/250px-170322_%EC%9D%B4%EC%9C%A0%EC%98%81_%282%29.jpg,30,279,이유영,0,0,1,0,0,2014,0,0
279,//upload.wikimedia.org/wikipedia/commons/6/6d/Lee_Yoon-Mi_from_acrofan.jpg,39,280,이윤미,0,1,0,1,1,2002,0,0
280,//upload.wikimedia.org/wikipedia/commons/thumb/8/88/180212_%EC%9D%B4%EC%9C%A4%EC%A7%80.png/250px-180212_%EC%9D%B4%EC%9C%A4%EC%A7%80.png,36,281,이윤지,0,0,1,1,1,2003,0,0
281,//upload.wikimedia.org/wikipedia/commons/thumb/9/92/Lee_in_hye_in_fanmeeting.jpg/251px-Lee_in_hye_in_fanmeeting.jpg,39,282,이인혜,0,1,1,0,0,1991,0,0
282,//upload.wikimedia.org/wikipedia/commons/thumb/b/be/Lee_Il-hwa_in_2017.jpg/250px-Lee_Il-hwa_in_2017.jpg,49,283,이일화,0,1,1,0,1,1991,0,0
283,//upload.wikimedia.org/wikipedia/commons/thumb/9/91/%EC%9D%B4%EC%A3%BC%EB%B9%88_%ED%8C%9D%ED%80%B4%EC%A6%88_03.png/250px-%EC%9D%B4%EC%A3%BC%EB%B9%88_%ED%8C%9D%ED%80%B4%EC%A6%88_03.png,31,284,이주빈,0,0,1,0,0,2010,0,0
284,//upload.wikimedia.org/wikipedia/commons/thumb/9/93/%EC%9D%B4%EC%A7%80%EC%95%84.jpg/250px-%EC%9D%B4%EC%A7%80%EC%95%84.jpg,42,285,이지아,1,0,1,0,0,2007,0,0
285,//upload.wikimedia.org/wikipedia/commons/thumb/9/94/191025_%EC%9D%B4%EC%B2%AD%EC%95%84.jpg/250px-191025_%EC%9D%B4%EC%B2%AD%EC%95%84.jpg,36,286,이청아,0,0,1,0,0,2002,0,0
286,//upload.wikimedia.org/wikipedia/commons/thumb/7/75/181122_%EC%9D%B4%ED%83%9C%EB%9E%80.png/250px-181122_%EC%9D%B4%ED%83%9C%EB%9E%80.png,45,287,이태란,0,0,1,1,0,1997,0,0
287,//upload.wikimedia.org/wikipedia/commons/thumb/1/1f/Lee_Tae-im_at_the_press_conference_for_Please_Marry_Me_012.jpg/220px-Lee_Tae-im_at_the_press_conference_for_Please_Marry_Me_012.jpg,34,288,이태임,1,0,0,1,0,2007,0,0
288,//upload.wikimedia.org/wikipedia/commons/thumb/1/1f/Lee_Hana_at_Voice_3_press_conference.png/250px-Lee_Hana_at_Voice_3_press_conference.png,38,289,이하나,0,0,1,0,0,2006,0,0
289,//upload.wikimedia.org/wikipedia/commons/thumb/f/f3/Lee_Ha-nui_in_Feb_2019.png/250px-Lee_Ha-nui_in_Feb_2019.png,37,290,이하늬,0,1,1,0,0,2006,0,0
290,//upload.wikimedia.org/wikipedia/commons/thumb/4/49/Shopaholic_Louis_Im_semi.jpg/250px-Shopaholic_Louis_Im_semi.jpg,33,291,임세미,0,0,1,0,0,2004,0,0
291,//upload.wikimedia.org/wikipedia/commons/thumb/7/7a/Lim_Soo-hyang_at_Oct_2018.png/250px-Lim_Soo-hyang_at_Oct_2018.png,30,292,임수향,0,1,1,0,0,2009,0,0
292,//upload.wikimedia.org/wikipedia/commons/d/dc/190302_KBS2_%27%ED%95%B4%ED%94%BC%ED%88%AC%EA%B2%8C%EB%8D%944%27_%EC%B6%9C%EA%B7%BC%EA%B8%B8_%EC%9E%84%EC%98%88%EC%A7%84_%281%29.jpg,60,293,임예진,1,0,0,1,0,1974,0,0
293,//upload.wikimedia.org/wikipedia/commons/thumb/f/f5/Lim_Eun-kyung%2C_2015_%28cropped%29.jpg/250px-Lim_Eun-kyung%2C_2015_%28cropped%29.jpg,37,294,임은경,0,0,0,0,0,1999,0,0
294,//upload.wikimedia.org/wikipedia/commons/thumb/8/85/Lim_Jung-Eun.jpg/250px-Lim_Jung-Eun.jpg,39,295,임정은,0,0,1,0,1,2002,0,0
295,//upload.wikimedia.org/wikipedia/commons/6/67/Lim_Ju-eun_at_%22Uncontrollably_Fond%22_press_conference%2C_4_July_2016.jpg,32,296,임주은,0,0,1,0,0,2005,0,0
296,//upload.wikimedia.org/wikipedia/commons/thumb/1/16/190805_%EC%9E%84%EC%A7%80%EC%97%B0.jpg/250px-190805_%EC%9E%84%EC%A7%80%EC%97%B0.jpg,30,297,임지연,0,0,1,0,0,2014,0,0
297,//upload.wikimedia.org/wikipedia/commons/thumb/5/5b/Lim_Hwa-yeong_in_2019.jpg/250px-Lim_Hwa-yeong_in_2019.jpg,36,298,임화영,0,0,1,0,0,2009,0,0
298,//upload.wikimedia.org/wikipedia/commons/9/97/Jang_Na-ra_in_July_2017.jpg,39,299,장나라,0,1,1,0,0,2001,0,0
299,//upload.wikimedia.org/wikipedia/commons/thumb/6/6c/Jang_Mi-Hee.jpg/250px-Jang_Mi-Hee.jpg,62,300,장미희,1,0,0,0,0,1976,0,0
300,//upload.wikimedia.org/wikipedia/commons/thumb/b/b7/Jang_Shin-Young_from_acrofan.jpg/220px-Jang_Shin-Young_from_acrofan.jpg,36,301,장신영,1,0,1,1,1,2001,0,0
301,//upload.wikimedia.org/wikipedia/commons/thumb/1/13/190326_%EC%9E%A5%ED%9D%AC%EB%A0%B9.jpg/250px-190326_%EC%9E%A5%ED%9D%AC%EB%A0%B9.jpg,26,302,장희령,0,0,1,0,0,2014,0,0
302,//upload.wikimedia.org/wikipedia/commons/thumb/b/b6/%EC%A0%84%EC%97%AC%EB%B9%88.png/250px-%EC%A0%84%EC%97%AC%EB%B9%88.png,31,303,전여빈,0,0,1,0,0,2015,0,0
303,//upload.wikimedia.org/wikipedia/commons/thumb/1/1a/Jeon_Ik-Ryung.jpg/250px-Jeon_Ik-Ryung.jpg,39,304,전익령,0,0,0,0,1,2001,0,0
304,//upload.wikimedia.org/wikipedia/commons/thumb/7/75/Jeon_In-hwa_at_the_2010_KBS_Drama_Acting_Awards_699.jpg/250px-Jeon_In-hwa_at_the_2010_KBS_Drama_Acting_Awards_699.jpg,55,305,전인화,0,1,0,1,1,1985,0,0
305,//upload.wikimedia.org/wikipedia/commons/thumb/6/69/190501_%EC%A0%84%EC%A2%85%EC%84%9C.jpg/250px-190501_%EC%A0%84%EC%A2%85%EC%84%9C.jpg,26,306,전종서,0,0,1,0,0,2018,0,0
306,//upload.wikimedia.org/wikipedia/commons/thumb/9/9c/Jung_Ga-Eun.jpg/220px-Jung_Ga-Eun.jpg,42,307,정가은,1,1,1,0,0,1997,0,0
307,//upload.wikimedia.org/wikipedia/commons/thumb/1/1f/Jung_So_Min_%27Daddy_You%2C_Daughter_Me%27_Press_Conference.png/250px-Jung_So_Min_%27Daddy_You%2C_Daughter_Me%27_Press_Conference.png,31,308,정소민,1,0,1,0,0,2010,0,0
308,//upload.wikimedia.org/wikipedia/commons/thumb/c/ce/Jung_Eun-Chae_at_the_Blue_Dragon_Film_Awards_%282013%29.jpg/220px-Jung_Eun-Chae_at_the_Blue_Dragon_Film_Awards_%282013%29.jpg,33,309,정은채,1,0,1,0,0,2010,0,0
309,//upload.wikimedia.org/wikipedia/commons/thumb/0/0d/191113_%EC%A0%95%EC%9D%B8%EC%84%A0.png/250px-191113_%EC%A0%95%EC%9D%B8%EC%84%A0.png,29,310,정인선,0,0,1,0,0,1995,0,0
310,//upload.wikimedia.org/wikipedia/commons/thumb/f/f5/200129_%EC%A1%B0%EB%B3%B4%EC%95%84_%282%29.jpg/250px-200129_%EC%A1%B0%EB%B3%B4%EC%95%84_%282%29.jpg,29,311,조보아,1,1,1,0,0,2011,0,0
311,//upload.wikimedia.org/wikipedia/commons/thumb/9/92/Cho_Yeo-jung_in_Dec_2019_%28Revised%29.png/250px-Cho_Yeo-jung_in_Dec_2019_%28Revised%29.png,39,312,조여정,0,0,1,0,0,1997,0,0
312,//upload.wikimedia.org/wikipedia/commons/thumb/3/3e/181018_%EC%A1%B0%EC%9A%B0%EB%A6%AC.png/250px-181018_%EC%A1%B0%EC%9A%B0%EB%A6%AC.png,28,313,조우리,0,0,1,0,0,2011,0,0
313,//upload.wikimedia.org/wikipedia/commons/thumb/a/a6/Joo_Da-young_from_acrofan.jpg/250px-Joo_Da-young_from_acrofan.jpg,25,314,주다영,1,1,1,0,0,1997,0,0
314,//upload.wikimedia.org/wikipedia/commons/thumb/9/91/200129_%EC%A7%84%EC%84%9C%EC%97%B0.jpg/250px-200129_%EC%A7%84%EC%84%9C%EC%97%B0.jpg,37,315,진서연,1,0,1,1,0,2007,0,0
315,//upload.wikimedia.org/wikipedia/commons/thumb/c/c9/191212_%EC%A7%84%EC%84%B8%EC%97%B0_%282%29.jpg/250px-191212_%EC%A7%84%EC%84%B8%EC%97%B0_%282%29.jpg,26,316,진세연,1,0,1,0,0,2010,0,0
316,//upload.wikimedia.org/wikipedia/commons/f/f6/Jin_Ye-Sol_from_acrofan.jpg,35,317,진예솔,0,1,1,0,0,2009,0,0
317,//upload.wikimedia.org/wikipedia/commons/thumb/1/12/191017_%EC%B0%A8%EC%98%88%EB%A0%A8.jpg/250px-191017_%EC%B0%A8%EC%98%88%EB%A0%A8.jpg,35,318,차예련,1,0,1,1,1,2005,0,0
318,//upload.wikimedia.org/wikipedia/commons/thumb/f/ff/Chae_Si-Ra.jpg/250px-Chae_Si-Ra.jpg,52,319,채시라,0,1,1,1,1,1982,0,0
319,//upload.wikimedia.org/wikipedia/commons/f/fb/Chae_Young-in_%28%EC%B1%84%EC%98%81%EC%9D%B8%29_from_acrofan.jpg,38,320,채영인,1,1,0,0,0,2000,0,0
320,//upload.wikimedia.org/wikipedia/commons/thumb/7/7e/Chae_Jung_An.jpg/250px-Chae_Jung_An.jpg,43,321,채정안,1,1,1,0,0,1996,0,0
321,//upload.wikimedia.org/wikipedia/commons/thumb/5/5c/Chun_Woo-Hee-9494.jpg/250px-Chun_Woo-Hee-9494.jpg,33,322,천우희,0,0,1,0,0,2004,0,0
322,//upload.wikimedia.org/wikipedia/commons/thumb/a/ad/Choi_Song-hyun_from_acrofan.jpg/250px-Choi_Song-hyun_from_acrofan.jpg,38,323,최송현,0,1,0,1,0,2005,0,0
323,//upload.wikimedia.org/wikipedia/commons/thumb/2/25/191231_%EC%B5%9C%EC%9C%A4%EC%86%8C.jpg/250px-191231_%EC%B5%9C%EC%9C%A4%EC%86%8C.jpg,35,324,최윤소,0,1,1,0,0,2003,0,0
324,//upload.wikimedia.org/wikipedia/commons/thumb/f/fe/Choi_Ja-Hye.jpg/250px-Choi_Ja-Hye.jpg,38,325,최자혜,0,0,1,1,1,2001,0,0
325,//upload.wikimedia.org/wikipedia/commons/thumb/e/e4/Choi_Jung-Yoon.jpg/250px-Choi_Jung-Yoon.jpg,43,326,최정윤,0,1,1,1,1,1996,0,0
326,//upload.wikimedia.org/wikipedia/commons/thumb/c/c9/Choi_Ji-yeon_1_%28cropped%29.JPG/250px-Choi_Ji-yeon_1_%28cropped%29.JPG,45,327,최지연,0,1,1,0,0,1999,0,0
327,//upload.wikimedia.org/wikipedia/commons/thumb/8/8c/%28Marie_Claire_Korea%29_Choi_Hee-seo.jpg/250px-%28Marie_Claire_Korea%29_Choi_Hee-seo.jpg,33,328,최희서,1,0,1,1,0,2009,0,0
328,//upload.wikimedia.org/wikipedia/commons/thumb/d/d2/Chu_So-Young.jpg/250px-Chu_So-Young.jpg,39,329,추소영,0,1,1,1,1,1998,0,0
329,//upload.wikimedia.org/wikipedia/commons/thumb/e/e3/190404_%EC%B6%94%EC%9E%90%ED%98%84.jpg/250px-190404_%EC%B6%94%EC%9E%90%ED%98%84.jpg,41,330,추자현,1,0,1,1,1,1996,0,0
330,//upload.wikimedia.org/wikipedia/commons/thumb/5/59/191025_%ED%91%9C%EC%98%88%EC%A7%84.jpg/250px-191025_%ED%91%9C%EC%98%88%EC%A7%84.jpg,28,331,표예진,0,1,1,0,0,2012,0,0
331,//upload.wikimedia.org/wikipedia/commons/thumb/4/4d/Ha_Si-eun_in_May_2019.png/225px-Ha_Si-eun_in_May_2019.png,36,332,하시은,0,0,0,0,0,2002,0,0
332,//upload.wikimedia.org/wikipedia/commons/thumb/c/c4/Ha_Yeon-joo_in_2018_%282%29.jpg/300px-Ha_Yeon-joo_in_2018_%282%29.jpg,33,333,하연주,0,0,1,0,0,2008,0,0
333,//upload.wikimedia.org/wikipedia/commons/thumb/f/f1/2018_BH_Han_Ga-in_01.jpg/250px-2018_BH_Han_Ga-in_01.jpg,38,334,한가인,1,1,1,1,1,2002,0,0
334,//upload.wikimedia.org/wikipedia/commons/thumb/4/4e/HANSOOYEUN.jpg/250px-HANSOOYEUN.jpg,37,335,한수연,1,0,1,0,0,2006,0,0
335,//upload.wikimedia.org/wikipedia/commons/thumb/c/cc/Han_Ye-ri_at_%27Sea_Fog%27_stage_greeting_1.jpg/250px-Han_Ye-ri_at_%27Sea_Fog%27_stage_greeting_1.jpg,35,336,한예리,1,0,1,0,0,2007,0,0
336,//upload.wikimedia.org/wikipedia/commons/thumb/0/06/190905_%ED%95%9C%EC%98%88%EC%8A%AC.jpg/250px-190905_%ED%95%9C%EC%98%88%EC%8A%AC.jpg,39,337,한예슬,1,0,1,0,0,2001,0,0
337,//upload.wikimedia.org/wikipedia/commons/thumb/2/22/Han_Ji-min_on_December_21%2C_2013.jpg/250px-Han_Ji-min_on_December_21%2C_2013.jpg,38,338,한지민,0,0,1,0,0,2003,0,0
338,//upload.wikimedia.org/wikipedia/commons/thumb/2/25/Han_Ji-hye_in_July_2019.png/250px-Han_Ji-hye_in_July_2019.png,36,339,한지혜,1,1,1,1,0,2001,0,0
339,//upload.wikimedia.org/wikipedia/commons/thumb/b/b1/Han_Chae-ah_from_acrofan.jpg/250px-Han_Chae-ah_from_acrofan.jpg,38,340,한채아,1,0,0,1,1,2002,0,0
340,//upload.wikimedia.org/wikipedia/commons/thumb/6/6b/Han_Chae-Young_in_September_2009_%282%29.jpg/220px-Han_Chae-Young_in_September_2009_%282%29.jpg,40,341,한채영,1,1,1,1,0,2000,0,0
341,//upload.wikimedia.org/wikipedia/commons/thumb/2/27/Hong_Ji-min_on_the_red_carpet_of_The_Musical_Awards%2C_3_June_2013.jpg/250px-Hong_Ji-min_on_the_red_carpet_of_The_Musical_Awards%2C_3_June_2013.jpg,47,342,홍지민,0,0,1,1,1,1994,0,0
342,//upload.wikimedia.org/wikipedia/commons/thumb/7/78/191016_%ED%99%A9%EB%B3%B4%EB%9D%BC.jpg/250px-191016_%ED%99%A9%EB%B3%B4%EB%9D%BC.jpg,37,343,황보라,0,1,1,0,0,2003,0,0
