index,photo_url,age,act_id,name,real_name,religion,agency,spouse,children,debut_year,gender,state
0,//upload.wikimedia.org/wikipedia/commons/thumb/8/8e/Korea_Lee_Byunghun_APSA_Awards_05.jpg/250px-Korea_Lee_Byunghun_APSA_Awards_05.jpg,50,1,이병헌,no real name,불교,BH엔터테인먼트,이민정,이준후 (아들),1991,m,1
1,//upload.wikimedia.org/wikipedia/commons/thumb/5/52/191112_%EC%A0%84%EC%A7%80%ED%98%84_%282%29.jpg/250px-191112_%EC%A0%84%EC%A7%80%ED%98%84_%282%29.jpg,39,2,전지현,왕지현(王智賢),no religion,문화창고,최준혁,2남,1997,f,1
2,//upload.wikimedia.org/wikipedia/commons/thumb/e/e1/181018_%EC%86%90%EC%98%88%EC%A7%84_04_%28cropped%29.jpg/250px-181018_%EC%86%90%EC%98%88%EC%A7%84_04_%28cropped%29.jpg,38,3,손예진,손언진,no religion,엠에스팀엔터테인먼트,no spouse,no child,1999,f,1
3,//upload.wikimedia.org/wikipedia/commons/thumb/8/88/180830_%EC%95%88%EC%86%8C%ED%9D%AC.jpg/250px-180830_%EC%95%88%EC%86%8C%ED%9D%AC.jpg,28,4,안소희,no real name,불교,BH엔터테인먼트,no spouse,no child,2004,f,1
4,//upload.wikimedia.org/wikipedia/commons/thumb/c/ce/Kang_Dong-won_in_Feb_2016.jpg/250px-Kang_Dong-won_in_Feb_2016.jpg,39,5,강동원,no real name,무신론[1],YG 엔터테인먼트,no spouse,no child,2003,m,1
5,//upload.wikimedia.org/wikipedia/commons/thumb/6/6a/Ha_Jung-woo.2019.jpg/250px-Ha_Jung-woo.2019.jpg,42,6,하정우,김성훈,개신교(침례회),워크하우스컴퍼니,no spouse,no child,2003,m,1
6,//upload.wikimedia.org/wikipedia/commons/thumb/5/56/181024_%EA%B9%80%ED%98%9C%EC%88%98.png/250px-181024_%EA%B9%80%ED%98%9C%EC%88%98.png,50,7,김혜수,no real name,불교,호두앤유엔터테인먼트,no spouse,no child,1986,f,1
7,//upload.wikimedia.org/wikipedia/commons/thumb/f/f8/190501_%ED%98%84%EB%B9%88.jpg/250px-190501_%ED%98%84%EB%B9%88.jpg,38,8,현빈,김태평,no religion,VAST엔터테인먼트,no spouse,no child,2003,m,1
8,//upload.wikimedia.org/wikipedia/commons/thumb/d/df/Song_Gangho_2016.jpg/250px-Song_Gangho_2016.jpg,53,9,송강호,no real name,no religion,호두엔터테인먼트,황장숙,"1남 1녀(아들 송준평, 딸 송주연)",1991,m,1
9,//upload.wikimedia.org/wikipedia/commons/thumb/c/c8/190920_%EC%A7%80%EC%B0%BD%EC%9A%B1_%281%29.jpg/250px-190920_%EC%A7%80%EC%B0%BD%EC%9A%B1_%281%29.jpg,33,10,지창욱,no real name,불교,글로리어스 엔터테인먼트,no spouse,no child,2008,m,1
10,//upload.wikimedia.org/wikipedia/commons/thumb/e/e0/170617_%ED%95%9C%ED%9A%A8%EC%A3%BC_%ED%8C%AC%EB%AF%B8%ED%8C%85.jpg/250px-170617_%ED%95%9C%ED%9A%A8%EC%A3%BC_%ED%8C%AC%EB%AF%B8%ED%8C%85.jpg,33,11,한효주,no real name,천주교(세례명: 효주 아녜스),BH 엔터테인먼트,no spouse,no child,2003,f,1
11,//upload.wikimedia.org/wikipedia/commons/thumb/5/5c/%EA%B0%90%EC%9A%B0%EC%84%B1.png/270px-%EA%B0%90%EC%9A%B0%EC%84%B1.png,50,12,감우성,no real name,no religion,에잇디크리에이티브,강민영,no child,1991,m,0
12,//upload.wikimedia.org/wikipedia/commons/thumb/e/e0/Kang_Kyung-joon_%28South_Korean_actor%2C_born_1983%29_from_acrofan.jpg/220px-Kang_Kyung-joon_%28South_Korean_actor%2C_born_1983%29_from_acrofan.jpg,37,13,강경준,no real name,개신교,케이스타엔터테인먼트,장신영 (2018년 5월 25일 ~ 현재),"아들 강정안
아들 강정우",2004,m,0
13,//upload.wikimedia.org/wikipedia/commons/thumb/9/90/181206_%EA%B0%95%EA%B8%B0%EC%98%81.jpg/250px-181206_%EA%B0%95%EA%B8%B0%EC%98%81.jpg,37,14,강기영,no real name,no religion,유본컴퍼니,有,no child,2002,m,0
14,//upload.wikimedia.org/wikipedia/commons/thumb/8/85/Kang_Ji_Sub_from_acrofan.jpg/250px-Kang_Ji_Sub_from_acrofan.jpg,39,15,강지섭,김영섭 (金永燮),no religion,린브랜딩,no spouse,no child,2005,m,0
15,//upload.wikimedia.org/wikipedia/commons/a/a6/%EB%AA%AC%EC%8A%A4%ED%84%B0ID-%EA%B0%95%EC%A7%80%ED%99%98.jpg,43,16,강지환,조태규,no religion,no angency,no spouse,no child,2001,m,0
16,//upload.wikimedia.org/wikipedia/commons/thumb/1/17/190930_%EA%B0%95%ED%83%9C%EC%98%A4_%282%29.jpg/250px-190930_%EA%B0%95%ED%83%9C%EC%98%A4_%282%29.jpg,26,17,강태오,김윤환,no religion,맨오브크리에이션,no spouse,no child,2013,m,0
17,//upload.wikimedia.org/wikipedia/commons/thumb/8/88/170807_%EA%B0%95%ED%95%98%EB%8A%98_%28cropped%29.jpg/250px-170807_%EA%B0%95%ED%95%98%EB%8A%98_%28cropped%29.jpg,30,18,강하늘,김하늘,no religion,TH컴퍼니,no spouse,no child,2006,m,0
18,//upload.wikimedia.org/wikipedia/commons/thumb/a/ad/Ko_Se-won_from_acrofan.jpg/250px-Ko_Se-won_from_acrofan.jpg,42,19,고세원,no real name,no religion,후너스엔터테인먼트,오렌지 라라 (신라라),no child,1997,m,0
19,//upload.wikimedia.org/wikipedia/commons/thumb/c/c4/Ko_Chang-Seok.jpg/250px-Ko_Chang-Seok.jpg,50,20,고창석,no real name,no religion,블러썸 엔터테인먼트,이정은,딸 고예원,1987,m,0
20,//upload.wikimedia.org/wikipedia/commons/thumb/2/2b/Kwak_Dong-yeon_at_Nov_2018.png/250px-Kwak_Dong-yeon_at_Nov_2018.png,23,21,곽동연,no real name,no religion,H&엔터테인먼트,no spouse,no child,2012,m,0
21,//upload.wikimedia.org/wikipedia/commons/thumb/f/f1/Kwak_Siyang%2C_Chicago_Typewriter.jpg/250px-Kwak_Siyang%2C_Chicago_Typewriter.jpg,33,22,곽시양,곽명진,no religion,스타하우스엔터테인먼트,no spouse,no child,2014,m,0
22,//upload.wikimedia.org/wikipedia/commons/thumb/d/d3/190917_%EA%B6%8C%EC%83%81%EC%9A%B0.jpg/250px-190917_%EA%B6%8C%EC%83%81%EC%9A%B0.jpg,44,23,권상우,no real name,개신교,수컴퍼니,손태영,슬하 1남 1녀,2001,m,0
23,//upload.wikimedia.org/wikipedia/commons/b/b4/Kwon_Oh-Joong_from_acrofan.jpg,48,24,권오중,no real name,개신교[1],H.W 엔터프라이즈,엄윤경,아들 권혁준(1999년 출생),1992,m,0
24,//upload.wikimedia.org/wikipedia/commons/0/04/Kwon_Hyun-Sang.jpg,39,25,권현상,임동재,no religion,매니지먼트 구,no spouse,no child,2000,m,0
25,//upload.wikimedia.org/wikipedia/commons/thumb/b/bd/20191231_%EA%B8%B0%ED%83%9C%EC%98%81.jpg/250px-20191231_%EA%B8%B0%ED%83%9C%EC%98%81.jpg,41,26,기태영,김용우 (金容佑),대한예수교침례회,인컴퍼니,유진,"딸 김로희, 김로린",1997,m,0
26,//upload.wikimedia.org/wikipedia/commons/thumb/7/7a/Kim_Kang-woo_in_Dec_2019_%28Revised%29.png/250px-Kim_Kang-woo_in_Dec_2019_%28Revised%29.png,42,27,김강우,no real name,천주교 (세례명:빈첸시오),킹엔터테인먼트,한무영,슬하 2남,2002,m,0
27,//upload.wikimedia.org/wikipedia/commons/thumb/5/5b/191231_%EA%B9%80%EA%B0%95%ED%9B%88_%281%29.jpg/250px-191231_%EA%B9%80%EA%B0%95%ED%9B%88_%281%29.jpg,11,28,김강훈,no real name,no religion,no angency,no spouse,no child,2013,m,0
28,//upload.wikimedia.org/wikipedia/commons/thumb/0/0a/%EA%B9%80%EB%82%A8%EA%B8%B8_Kim_Nam-gil_20161109_01.png/250px-%EA%B9%80%EB%82%A8%EA%B8%B8_Kim_Nam-gil_20161109_01.png,40,29,김남길,no real name,무종교,no angency,no spouse,no child,2003,m,0
29,//upload.wikimedia.org/wikipedia/commons/thumb/0/0a/Kim_Da-hyun_on_the_red_carpet_of_The_Musical_Awards%2C_3_June_2013.jpg/250px-Kim_Da-hyun_on_the_red_carpet_of_The_Musical_Awards%2C_3_June_2013.jpg,40,30,김다현,김세현 (金世賢),no religion,원츠메이커 엔터테인먼트,아래 참조,아래 참조,2003,m,0
30,//upload.wikimedia.org/wikipedia/commons/thumb/a/ae/190520_%EA%B9%80%EB%9E%98%EC%9B%90_%281%29.jpg/250px-190520_%EA%B9%80%EB%9E%98%EC%9B%90_%281%29.jpg,39,31,김래원,no real name,천주교(세례명:요셉),HB엔터테인먼트,no spouse,no child,1997,m,0
31,//upload.wikimedia.org/wikipedia/commons/thumb/9/98/Kim_Roi-ha_at_BIFF_2013.jpg/250px-Kim_Roi-ha_at_BIFF_2013.jpg,54,32,김뢰하,no real name,장로회,DOA Corporation,박윤경(연극배우),no child,1989,m,0
32,//upload.wikimedia.org/wikipedia/commons/thumb/2/27/%EA%B9%80%EB%AC%B4%EC%97%B4_Kim_Mu-yeol_0m31s.png/250px-%EA%B9%80%EB%AC%B4%EC%97%B4_Kim_Mu-yeol_0m31s.png,38,33,김무열,no real name,no religion,프레인TPC,윤승아 (2015년 ~ 현재),no child,2002,m,0
33,//upload.wikimedia.org/wikipedia/commons/thumb/f/fb/Kim_Min-jun_from_acrofan.jpg/250px-Kim_Min-jun_from_acrofan.jpg,44,34,김민준,no real name,no religion,가족이엔티,권다미 (2019년 10월 11일 ~ 현재),no child,1995,m,0
34,//upload.wikimedia.org/wikipedia/commons/thumb/5/58/190214_%EA%B9%80%EC%9A%A9%EA%B1%B4_%283%29.jpg/250px-190214_%EA%B9%80%EC%9A%A9%EA%B1%B4_%283%29.jpg,74,35,김용건,no real name,no religion,no angency,no spouse,"하정우(장남), 차현우(차남)",1967,m,0
35,//upload.wikimedia.org/wikipedia/commons/thumb/b/b4/2017_%EB%82%A8%EC%A3%BC%ED%98%81_05.png/250px-2017_%EB%82%A8%EC%A3%BC%ED%98%81_05.png,26,36,남주혁,no real name,기독교,매니지먼트 숲,no spouse,no child,2013,m,0
36,//upload.wikimedia.org/wikipedia/commons/thumb/5/58/191212_Do_Sang-woo.jpg/250px-191212_Do_Sang-woo.jpg,32,37,도상우,no real name,no religion,제이와이드컴퍼니,no spouse,no child,2008,m,0
37,//upload.wikimedia.org/wikipedia/commons/thumb/a/ad/Ryu_Su-young_in_Feb_2019.png/250px-Ryu_Su-young_in_Feb_2019.png,41,38,류수영,어남선,개신교,이엘라이즈,박하선,슬하 1녀,1998,m,0
38,//upload.wikimedia.org/wikipedia/commons/thumb/7/7d/Ryu_Seung-beom.jpg/250px-Ryu_Seung-beom.jpg,40,39,류승범,no real name,개신교,no angency,10살 연하 슬로바키아 여성,슬하 1녀,2000,m,0
39,//upload.wikimedia.org/wikipedia/commons/thumb/f/f1/Don_Lee_by_Gage_Skidmore.jpg/250px-Don_Lee_by_Gage_Skidmore.jpg,49,40,마동석,이동석,no religion,빅펀치이엔티,no spouse,no child,2003,m,0
40,//upload.wikimedia.org/wikipedia/commons/thumb/d/d8/%EB%AA%85%EA%B3%84%EB%82%A8_%EB%B2%99%EC%BB%A41.png/250px-%EB%AA%85%EA%B3%84%EB%82%A8_%EB%B2%99%EC%BB%A41.png,68,41,명계남,明桂男 (한자음),개신교,이스트필름 (CEO 대표이사),no spouse,no child,1973,m,0
41,//upload.wikimedia.org/wikipedia/commons/thumb/a/af/180503_%EB%B0%95%EB%B3%B4%EA%B2%80_01.jpg/300px-180503_%EB%B0%95%EB%B3%B4%EA%B2%80_01.jpg,27,42,박보검,no real name,개신교,블러썸 엔터테인먼트,no spouse,no child,2011,m,0
42,//upload.wikimedia.org/wikipedia/commons/thumb/b/b3/Park_Sang-Won.jpg/185px-Park_Sang-Won.jpg,61,43,박상원,no real name,개신교 (장로회),no angency,김수경,"아들 박도현, 딸 박지윤",1978,m,0
43,//upload.wikimedia.org/wikipedia/commons/thumb/e/e8/190626_%EB%B0%95%EC%84%9C%EC%A4%80_%281%29.jpg/250px-190626_%EB%B0%95%EC%84%9C%EC%A4%80_%281%29.jpg,31,44,박서준,박용규,no religion,어썸이엔티,no spouse,no child,2011,m,0
44,//upload.wikimedia.org/wikipedia/commons/thumb/e/e1/160206_Park_Sung-woong_6_cropped.jpg/250px-160206_Park_Sung-woong_6_cropped.jpg,47,45,박성웅,no real name,개신교,씨제스 엔터테인먼트,신은정 (2008년 ~ 현재),아들 박상우,1997,m,0
45,//upload.wikimedia.org/wikipedia/commons/thumb/0/06/%EB%B0%95%EC%A4%91%ED%9B%88_KBSView_01.png/250px-%EB%B0%95%EC%A4%91%ED%9B%88_KBSView_01.png,54,46,박중훈,no real name,개신교(침례회),젠 스타즈,윤순[1],"아들 박배승(1995년 서울 출생)  장녀 박소휘(1997년 서울 출생)  차녀 박미휘(모델, 2002년 출생)",1986,m,0
46,//upload.wikimedia.org/wikipedia/commons/thumb/0/05/%EB%B0%95%ED%95%B4%EC%9D%BC.jpg/250px-%EB%B0%95%ED%95%B4%EC%9D%BC.jpg,43,47,박해일,no real name,no religion,no angency,서유선,슬하 1남 1녀,2000,m,0
47,//upload.wikimedia.org/wikipedia/commons/thumb/b/ba/Park_Hae-jin_in_Jan_2020.png/200px-Park_Hae-jin_in_Jan_2020.png,37,48,박해진,no real name,no religion,마운틴 무브먼트,no spouse,no child,2006,m,0
48,//upload.wikimedia.org/wikipedia/commons/thumb/2/25/Park_Hyung-sik_at_Hwarang_Press_Conference_02.png/300px-Park_Hyung-sik_at_Hwarang_Press_Conference_02.png,28,49,박형식,no real name,no religion,United Artists Agency(UAA),no spouse,no child,2010,m,0
49,//upload.wikimedia.org/wikipedia/commons/0/02/160726_%EC%98%81%ED%99%94_%27%EC%98%AC%EB%A0%88%27_%EC%A0%9C%EC%9E%91%EB%B0%9C%ED%91%9C%ED%9A%8C_%EB%B0%95%ED%9D%AC%EC%88%9C.jpg,50,50,박희순,no real name,no religion,스타쉽엔터테인먼트(킹콩 by 스타쉽),박예진,no child,1990,m,0
50,//upload.wikimedia.org/wikipedia/commons/thumb/6/66/Bae_Sung-woo_310818.png/250px-Bae_Sung-woo_310818.png,47,51,배성우,no real name,no religion,아티스트컴퍼니,no spouse,no child,1999,m,0
51,//upload.wikimedia.org/wikipedia/commons/thumb/1/1f/Bae_Yong_Joon.jpg/250px-Bae_Yong_Joon.jpg,48,52,배용준,no real name,no religion,키이스트,박수진,슬하 1남 1녀,1994,m,0
52,//upload.wikimedia.org/wikipedia/commons/thumb/2/23/Baek_Do-bin_from_acrofan.jpg/250px-Baek_Do-bin_from_acrofan.jpg,42,53,백도빈,no real name,no religion,리옌엔터테인먼트,정시아,"아들 백준우, 딸 백서우",2004,m,0
53,//upload.wikimedia.org/wikipedia/commons/thumb/6/66/%EB%B0%B1%EC%84%B1%ED%98%84_Baek_Sung-hyun_161207.png/250px-%EB%B0%B1%EC%84%B1%ED%98%84_Baek_Sung-hyun_161207.png,31,54,백성현,no real name,no religion,싸이더스HQ,3살 연하 일반인 여성(2020년 4월 25일 ~ ),no child,1994,m,0
54,//upload.wikimedia.org/wikipedia/commons/thumb/f/fa/180813_%EB%B0%B1%EC%9C%A4%EC%8B%9D.png/250px-180813_%EB%B0%B1%EC%9C%A4%EC%8B%9D.png,73,55,백윤식,no real name,no religion,no angency,no spouse,"백도빈(장남), 백서빈(차남)",1970,m,0
55,//upload.wikimedia.org/wikipedia/commons/8/8d/Baek_Il-Seob_from_acrofan.jpg,76,56,백일섭,no real name,불교,웰메이드 스타 이엔티,채미영,백승호(아들),1963,m,0
56,//upload.wikimedia.org/wikipedia/commons/thumb/5/55/190716_%EB%B4%89%ED%83%9C%EA%B7%9C.jpg/250px-190716_%EB%B4%89%ED%83%9C%EA%B7%9C.jpg,39,57,봉태규,no real name,no religion,iMe KOREA,아래 참조,아래 참조,2000,m,0
57,//upload.wikimedia.org/wikipedia/commons/thumb/a/ac/190702_%EC%84%9C%EA%B0%95%EC%A4%80.png/220px-190702_%EC%84%9C%EA%B0%95%EC%A4%80.png,27,58,서강준,이승환 (李承桓),no religion,맨오브크리에이션,no spouse,no child,2013,m,0
58,//upload.wikimedia.org/wikipedia/commons/thumb/8/8d/161024_%EC%84%9C%EC%A4%80%EC%98%81_02.jpg/270px-161024_%EC%84%9C%EC%A4%80%EC%98%81_02.jpg,33,59,서준영,김상구 (金尙久),개신교,루브 엔터테인먼트,no spouse,no child,2004,m,0
59,//upload.wikimedia.org/wikipedia/commons/thumb/8/80/Seo_Ji-Seok.jpg/250px-Seo_Ji-Seok.jpg,39,60,서지석,서종욱 (徐宗旭),no religion,"큐로홀딩스 매니지먼트, 열음엔터테인먼트",김미리,no child,2001,m,0
60,//upload.wikimedia.org/wikipedia/commons/thumb/d/de/160217_%EC%84%9C%ED%95%98%EC%A4%80.jpg/250px-160217_%EC%84%9C%ED%95%98%EC%A4%80.jpg,31,61,서하준,손종수 (孫鐘秀),천주교(세례명 : 마태오),로빈케이이엔티,no spouse,no child,2008,m,0
61,//upload.wikimedia.org/wikipedia/commons/thumb/8/83/151001_%EC%84%B1%EB%8F%99%EC%9D%BC.jpg/250px-151001_%EC%84%B1%EB%8F%99%EC%9D%BC.jpg,53,62,성동일,no real name,no religion,서진 E&M,박경혜,아들 성준(2006년  (13–14세) 출생)  장녀 성빈(2008년  (11–12세) 출생)  차녀 성율(2011년  (8–9세) 출생),1984,m,0
62,//upload.wikimedia.org/wikipedia/commons/thumb/c/ce/So_Ji-sub.jpg/250px-So_Ji-sub.jpg,43,63,소지섭,no real name,무교,피프티원케이,조은정 (2020년 4월 7일 ~,no child,1995,m,0
63,//upload.wikimedia.org/wikipedia/commons/thumb/b/b3/190805_%EC%86%90%EB%B3%91%ED%98%B8.jpg/250px-190805_%EC%86%90%EB%B3%91%ED%98%B8.jpg,58,64,손병호,no real name,no religion,가족이엔티,최지연,"손지오(장녀), 손지아(차녀)",1983,m,0
64,//upload.wikimedia.org/wikipedia/commons/thumb/b/b6/Son_Hyun-Joo.jpg/250px-Son_Hyun-Joo.jpg,55,65,손현주,no real name,개신교(감리교)[1],키이스트,이재숙,"손형석(아들), 손정민(딸)",1991,m,0
65,//upload.wikimedia.org/wikipedia/commons/thumb/1/17/Son_Ho-joon_in_Feb_2019.png/250px-Son_Ho-joon_in_Feb_2019.png,36,66,손호준,no real name,no religion,YG 엔터테인먼트,no spouse,no child,2005,m,0
66,//upload.wikimedia.org/wikipedia/commons/thumb/5/5f/Song_Seungheon.jpg/250px-Song_Seungheon.jpg,44,67,송승헌,no real name,개신교,킹콩 by 스타쉽,no spouse,no child,1995,m,0
67,//upload.wikimedia.org/wikipedia/commons/thumb/9/90/Song_Seung-Hwan.jpg/250px-Song_Seung-Hwan.jpg,63,68,송승환,no real name,no religion,no angency,박찬실,no child,1965,m,0
68,//upload.wikimedia.org/wikipedia/commons/thumb/c/c3/Korea_Makgeolli_Wanderers_05_Song_Il_Gook.png/175px-Korea_Makgeolli_Wanderers_05_Song_Il_Gook.png,49,69,송일국,no real name,천주교(세례명 : 바오로),씨제스엔터테인먼트,정승연,"아들 송대한, 송민국, 송만세[1]",1998,m,0
69,//upload.wikimedia.org/wikipedia/commons/thumb/1/13/Song_Joong-ki_at_Style_Icon_Asia_2016.jpg/230px-Song_Joong-ki_at_Style_Icon_Asia_2016.jpg,35,70,송중기,no real name,no religion,하이스토리 디앤씨,"송혜교 (이전배우자),  (2017년~ 2019)",no child,2008,m,0
70,//upload.wikimedia.org/wikipedia/commons/thumb/1/16/190603_%EC%8B%A0%EC%84%B1%EB%A1%9D.jpg/250px-190603_%EC%8B%A0%EC%84%B1%EB%A1%9D.jpg,37,71,신성록,no real name,개신교,HB엔터테인먼트,no spouse,1녀,2003,m,0
71,//upload.wikimedia.org/wikipedia/commons/thumb/c/c6/191025_%EC%8B%A0%EC%9E%AC%ED%95%98.jpg/250px-191025_%EC%8B%A0%EC%9E%AC%ED%95%98.jpg,27,72,신재하,no real name,no religion,제이와이드컴퍼니,no spouse,no child,2013,m,0
72,//upload.wikimedia.org/wikipedia/commons/thumb/2/23/190626_%EC%95%88%EC%84%B1%EA%B8%B0.jpg/250px-190626_%EC%95%88%EC%84%B1%EA%B8%B0.jpg,68,73,안성기,no real name,천주교 (세례명: 사도요한),no angency,오소영(조각가 겸 대학 교수),"안다빈(장남), 안필립(차남)",1957,m,0
73,//upload.wikimedia.org/wikipedia/commons/thumb/7/70/180430_%EC%95%88%EC%9E%AC%EC%9A%B1.jpg/250px-180430_%EC%95%88%EC%9E%AC%EC%9A%B1.jpg,49,74,안재욱,no real name,no religion,제이블엔터테인먼트,최현주,안수현,1994,m,0
74,//upload.wikimedia.org/wikipedia/commons/thumb/b/b2/190503_%EC%95%88%ED%9A%A8%EC%84%AD.jpg/250px-190503_%EC%95%88%ED%9A%A8%EC%84%AD.jpg,25,75,안효섭,no real name,천주교,스타하우스엔터테인먼트,no spouse,no child,2015,m,0
75,//upload.wikimedia.org/wikipedia/commons/thumb/8/8b/Yang_Dong-geun_from_acrofan.jpg/250px-Yang_Dong-geun_from_acrofan.jpg,41,76,양동근,no real name,개신교,조 엔터테인먼트,박가람,아들 양준서 딸 양조이 아들 양실로,1987,m,0
76,//upload.wikimedia.org/wikipedia/commons/thumb/b/b4/171216_%EC%96%91%EC%84%B8%EC%A2%85_10.jpg/250px-171216_%EC%96%91%EC%84%B8%EC%A2%85_10.jpg,27,77,양세종,no real name,no religion,굳피플,no spouse,no child,2016,m,0
77,//upload.wikimedia.org/wikipedia/commons/c/c0/180920_SBS_%27%ED%9D%89%EB%B6%80%EC%99%B8%EA%B3%BC%27_%EC%A0%9C%EC%9E%91%EB%B0%9C%ED%91%9C%ED%9A%8C_%EC%97%84%EA%B8%B0%EC%A4%80.jpg,44,78,엄기준,no real name,no religion,싸이더스HQ,no spouse,no child,1995,m,0
78,//upload.wikimedia.org/wikipedia/commons/thumb/9/96/Uhm_Tae-goo.2019.jpg/250px-Uhm_Tae-goo.2019.jpg,36,79,엄태구,no real name,no religion,프레인TPC,no spouse,no child,2007,m,0
79,//upload.wikimedia.org/wikipedia/commons/thumb/8/81/Uhm_Tae-woong_at_BIFF_2013_02.jpg/250px-Uhm_Tae-woong_at_BIFF_2013_02.jpg,46,80,엄태웅,no real name,no religion,화이브라더스,윤혜진,엄지온 (딸),1998,m,0
80,//upload.wikimedia.org/wikipedia/commons/thumb/5/5a/190708_%EC%97%AC%EC%A7%84%EA%B5%AC.jpg/260px-190708_%EC%97%AC%EC%A7%84%EA%B5%AC.jpg,23,81,여진구,no real name,no religion,JANUS ENT,no spouse,no child,2005,m,0
81,//upload.wikimedia.org/wikipedia/commons/thumb/4/4d/Yeon_Woo-jin_in_August_2019.jpg/250px-Yeon_Woo-jin_in_August_2019.jpg,36,82,연우진,김봉회,no religion,점프엔터테인먼트,no spouse,no child,2009,m,0
82,//upload.wikimedia.org/wikipedia/commons/thumb/d/d9/Yeon_Jeong-hun_from_acrofan_-_cropped_01.jpg/250px-Yeon_Jeong-hun_from_acrofan_-_cropped_01.jpg,42,83,연정훈,no real name,no religion,935엔터테인먼트,한가인(2005년 ~ ),1남 1녀,1999,m,0
83,//upload.wikimedia.org/wikipedia/commons/thumb/5/53/Oh_Min-suk_for_Estee_Lauder%2C_18_September_2015.jpg/250px-Oh_Min-suk_for_Estee_Lauder%2C_18_September_2015.jpg,40,84,오민석,no real name,천주교 (세례명 : 바오로),제이와이드컴퍼니,no spouse,no child,2006,m,0
84,//upload.wikimedia.org/wikipedia/commons/thumb/7/7f/Oh_Chang-seok_in_May_2019.png/250px-Oh_Chang-seok_in_May_2019.png,38,85,오창석,오연준,no religion,PF엔터테인먼트,no spouse,no child,2008,m,0
85,//upload.wikimedia.org/wikipedia/commons/thumb/0/0f/171230_%EC%9A%B0%EB%8F%84%ED%99%98_02.jpg/250px-171230_%EC%9A%B0%EB%8F%84%ED%99%98_02.jpg,28,86,우도환,no real name,no religion,키이스트,no spouse,no child,2011,m,0
86,//upload.wikimedia.org/wikipedia/commons/thumb/5/53/Yoo_Seung-ho_at_Nov_2018.png/250px-Yoo_Seung-ho_at_Nov_2018.png,27,87,유승호,no real name,무교,스토리제이컴퍼니,no spouse,no child,2000,m,0
87,//upload.wikimedia.org/wikipedia/commons/thumb/b/bc/Yoo_Yeon-seok_-_Bean_Pole_catalogue_2015_Spring-Summer_01.jpg/250px-Yoo_Yeon-seok_-_Bean_Pole_catalogue_2015_Spring-Summer_01.jpg,36,88,유연석,안연석,천주교,스타쉽엔터테인먼트(킹콩 by 스타쉽),no spouse,no child,2003,m,0
88,//upload.wikimedia.org/wikipedia/commons/thumb/e/e7/190502_%EC%9C%A0%EC%A7%80%ED%83%9C.jpg/250px-190502_%EC%9C%A0%EC%A7%80%ED%83%9C.jpg,44,89,유지태,no real name,개신교,BH엔터테인먼트,김효진 (2011년 12월 8일 ~ 현재),아들 유수인 유루인,1998,m,0
89,//upload.wikimedia.org/wikipedia/commons/thumb/7/71/190425_%EC%9C%A4%EC%84%A0%EC%9A%B0.jpg/290px-190425_%EC%9C%A4%EC%84%A0%EC%9A%B0.jpg,35,90,윤선우,윤민수,no religion,935 엔터테인먼트,no spouse,no child,2003,m,0
90,//upload.wikimedia.org/wikipedia/commons/thumb/d/d2/191113_%EC%9C%A4%EC%8B%9C%EC%9C%A4_%282%29.jpg/250px-191113_%EC%9C%A4%EC%8B%9C%EC%9C%A4_%282%29.jpg,34,91,윤시윤,no real name,개신교(예장합동)[1],모아엔터테인먼트,no spouse,no child,2009,m,0
91,//upload.wikimedia.org/wikipedia/commons/thumb/9/91/Yoon_Hee-seok_from_acrofan.jpg/250px-Yoon_Hee-seok_from_acrofan.jpg,45,92,윤희석,no real name,no religion,윌엔터테인먼트,no spouse,딸 윤해인,1996,m,0
92,//upload.wikimedia.org/wikipedia/commons/d/dd/Lee_Kwang-Gi.jpg,52,93,이광기,no real name,개신교(장로회),올박스,박지영,이연지(딸)장남 이석규(2009년 사망) 차남 이준서,1985,m,0
93,//upload.wikimedia.org/wikipedia/commons/c/c2/Lee_David.jpg,26,94,이다윗,no real name,no religion,no angency,no spouse,no child,2001,m,0
94,//upload.wikimedia.org/wikipedia/commons/thumb/c/cd/LEEDUKHWA3.jpg/300px-LEEDUKHWA3.jpg,68,95,이덕화,no real name,불교,디에이와이 엔터테인먼트,김보옥(1978 ~ ),"이지현(딸), 이태희(아들)",1972,m,0
95,//upload.wikimedia.org/wikipedia/commons/thumb/7/7b/Lee_Ro-woon.jpg/250px-Lee_Ro-woon.jpg,11,96,이로운,no real name,no religion,H.A.K 엔터테인먼트,no spouse,no child,2015,m,0
96,//upload.wikimedia.org/wikipedia/commons/thumb/6/6b/Lee_Bum-Soo.jpg/250px-Lee_Bum-Soo.jpg,50,97,이범수,no real name,개신교,셀트리온 엔터테인먼트 (공동대표)[1],이윤진,"딸 이소을, 아들 이다을",1990,m,0
97,//upload.wikimedia.org/wikipedia/commons/thumb/0/0b/161026_%EC%9D%B4%EC%83%81%EC%97%BD_02.jpg/250px-161026_%EC%9D%B4%EC%83%81%EC%97%BD_02.jpg,37,98,이상엽,no real name,no religion,웅빈이엔에스,no spouse,no child,2007,m,0
98,//upload.wikimedia.org/wikipedia/commons/thumb/f/f5/Leeseojin.jpg/250px-Leeseojin.jpg,49,99,이서진,no real name,무교,후크 엔터테인먼트,없음,no child,1999,m,0
99,//upload.wikimedia.org/wikipedia/commons/thumb/a/a2/191216_%EC%9D%B4%EC%84%A0%EA%B7%A0_%282%29.jpg/250px-191216_%EC%9D%B4%EC%84%A0%EA%B7%A0_%282%29.jpg,45,100,이선균,no real name,no religion,호두앤유엔터테인먼트,전혜진,"이룩, 이룬",1999,m,0
100,//upload.wikimedia.org/wikipedia/commons/thumb/d/de/190916_Lee_Soon-jae.jpg/250px-190916_Lee_Soon-jae.jpg,85,101,이순재,no real name,no religion,no angency,최희정,1남 1녀,1956,m,0
101,//upload.wikimedia.org/wikipedia/commons/thumb/4/42/180813_%EC%9D%B4%EC%9B%90%EA%B7%BC.png/250px-180813_%EC%9D%B4%EC%9B%90%EA%B7%BC.png,29,102,이원근,no real name,no religion,유본컴퍼니,no spouse,no child,2012,m,0
102,//upload.wikimedia.org/wikipedia/commons/thumb/4/4e/190325_%EC%9D%B4%EC%9D%B4%EA%B2%BD.jpg/250px-190325_%EC%9D%B4%EC%9D%B4%EA%B2%BD.jpg,31,103,이이경,no real name,no religion,HB엔터테인먼트,no spouse,no child,2011,m,0
103,//upload.wikimedia.org/wikipedia/commons/thumb/b/b2/Lee_Je-hoon_at_KAFA_10th_anniversary%2C_1_September_2016_01.jpg/250px-Lee_Je-hoon_at_KAFA_10th_anniversary%2C_1_September_2016_01.jpg,36,104,이제훈,no real name,no religion,사람 엔터테인먼트,no spouse,no child,2007,m,0
104,//upload.wikimedia.org/wikipedia/commons/thumb/3/3d/190810_%EC%9D%B4%EC%A4%80%EA%B8%B0.jpg/250px-190810_%EC%9D%B4%EC%A4%80%EA%B8%B0.jpg,38,105,이준기,no real name,천주교 (세례명 : 베드로),나무엑터스,no spouse,no child,2001,m,0
105,//upload.wikimedia.org/wikipedia/commons/thumb/6/6f/151001_%EC%9D%B4%EC%B2%9C%ED%9D%AC.jpg/250px-151001_%EC%9D%B4%EC%B2%9C%ED%9D%AC.jpg,41,106,이천희,no real name,천주교 (세례명: 베드로),매니지먼트 숲,전혜진,딸 이소유,1997,m,0
106,//upload.wikimedia.org/wikipedia/commons/6/6d/Lee_Chul-Min_from_acrofan.jpg,50,107,이철민,no real name,no religion,생각을보여주는엔터테인먼트,김미경,"딸 이신향, 아들 이태건",1991,m,0
107,//upload.wikimedia.org/wikipedia/commons/thumb/e/e1/200103_%EC%9D%B4%ED%83%9C%ED%99%98.jpg/250px-200103_%EC%9D%B4%ED%83%9C%ED%99%98.jpg,25,108,이태환,no real name,불교,맨오브크리에이션,no spouse,no child,2013,m,0
108,//upload.wikimedia.org/wikipedia/commons/4/40/%22%EA%B0%80%ED%99%94%EB%A7%8C%EC%82%AC%EC%84%B1%22_%EB%93%9C%EB%9D%BC%EB%A7%A5%EC%8A%A4_ID%EC%98%81%EC%83%81_%EC%9D%B4%ED%95%84%EB%AA%A8.jpg,46,109,이필모,no real name,no religion,케이스타엔터테인먼트,서수연 (2019년 2월 9일 ~ 현재),이담호 (아들),1999,m,0
109,//upload.wikimedia.org/wikipedia/commons/thumb/b/b5/Lee_Hee-joon.2016.jpg/250px-Lee_Hee-joon.2016.jpg,41,110,이희준,no real name,불교,BH 엔터테인먼트,이혜정(2016년 ~ 현재),no child,2007,m,0
110,//upload.wikimedia.org/wikipedia/commons/thumb/c/c4/181023_%EC%9D%B8%EA%B5%90%EC%A7%84.jpg/250px-181023_%EC%9D%B8%EA%B5%90%EC%A7%84.jpg,40,111,인교진,no real name,no religion,H&엔터테인먼트,소이현,"딸 인하은, 인소은",2000,m,0
111,//upload.wikimedia.org/wikipedia/commons/thumb/d/d6/Kang_Sung.jpg/250px-Kang_Sung.jpg,38,112,임강성,임강성,no religion,후너스엔터테인먼트,이은율,no child,1997,m,0
112,//upload.wikimedia.org/wikipedia/commons/thumb/c/c1/190903_%EC%9E%84%EC%9B%90%ED%9D%AC.jpg/250px-190903_%EC%9E%84%EC%9B%90%ED%9D%AC.jpg,50,113,임원희,no real name,no religion,젠스타즈,no spouse,no child,1995,m,0
113,//upload.wikimedia.org/wikipedia/commons/thumb/1/1b/200122_%EC%9E%84%EC%A3%BC%ED%99%98.png/250px-200122_%EC%9E%84%EC%A3%BC%ED%99%98.png,38,114,임주환,no real name,no religion,블러썸 엔터테인먼트,no spouse,no child,2004,m,0
114,//upload.wikimedia.org/wikipedia/commons/thumb/6/69/Im_Ha-ryong.2019.jpg/250px-Im_Ha-ryong.2019.jpg,68,115,임하룡,임한용,천주교(세례명 : 베드로),웰스엔터테인먼트,김정규,"아들 임영식손녀 임소현, 임소율",1981,m,0
115,//upload.wikimedia.org/wikipedia/commons/7/79/180105_%EC%9E%84%ED%98%84%EC%8B%9D.png,74,116,임현식,no real name,천주교(세례명: 바오로),no angency,no spouse,"슬하 3녀(장녀 임남실, 차녀 임금실, 삼녀 임은실)",1967,m,0
116,//upload.wikimedia.org/wikipedia/commons/thumb/9/9e/Lim_Hyung-Joon_from_acrofan.jpg/250px-Lim_Hyung-Joon_from_acrofan.jpg,46,117,임형준,no real name,개신교,HM엔터테인먼트,no spouse,no child,1998,m,0
117,//upload.wikimedia.org/wikipedia/commons/thumb/4/4c/Jang_Keun-suk_from_acrofan.jpg/250px-Jang_Keun-suk_from_acrofan.jpg,33,118,장근석,no real name,no religion,에이지코퍼레이션,no spouse,no child,1993,m,0
118,//upload.wikimedia.org/wikipedia/commons/thumb/e/e0/Jang_Seung-Jo_from_acrofan.jpg/250px-Jang_Seung-Jo_from_acrofan.jpg,38,119,장승조,장현덕,no religion,에이스팩토리,린아 (2014 ~ ),슬하 1남,2001,m,0
119,//upload.wikimedia.org/wikipedia/commons/thumb/7/7a/161202_%EC%9E%A5%ED%98%84%EC%84%B1_01.png/250px-161202_%EC%9E%A5%ED%98%84%EC%84%B1_01.png,51,120,장현성,no real name,개신교(장로회),YG 엔터테인먼트,양희정,"슬하 2남 (장준우, 장준서)",1995,m,0
120,//upload.wikimedia.org/wikipedia/commons/thumb/9/94/191216_%EC%A0%84%EC%84%B1%EC%9A%B0.jpg/250px-191216_%EC%A0%84%EC%84%B1%EC%9A%B0.jpg,32,121,전성우,no real name,no religion,높은엔터테인먼트,no spouse,no child,2006,m,0
121,//upload.wikimedia.org/wikipedia/commons/thumb/3/32/Jung_Gyu-woon_%28%EC%A0%95%EA%B2%A8%EC%9A%B4%29_in_Jan_2015.jpg/250px-Jung_Gyu-woon_%28%EC%A0%95%EA%B2%A8%EC%9A%B4%29_in_Jan_2015.jpg,38,122,정겨운,no real name,no religion,인컴퍼니,김우림 (2017 ~ 현재),no child,2004,m,0
122,//upload.wikimedia.org/wikipedia/commons/thumb/2/21/Jeong_Dong-Hwan_from_acrofan.jpg/250px-Jeong_Dong-Hwan_from_acrofan.jpg,71,123,정동환,no real name,개신교,no angency,정윤선,1남 2녀,1968,m,0
123,//upload.wikimedia.org/wikipedia/commons/thumb/8/89/%EC%A0%95%EB%B3%B4%EC%84%9D_Jeong_Bo-seok_0m06s.png/250px-%EC%A0%95%EB%B3%B4%EC%84%9D_Jeong_Bo-seok_0m06s.png,59,124,정보석,no real name,no religion,제니스 미디어 콘텐츠,기민정,2남 (둘째 아들 정우주),1986,m,0
124,//upload.wikimedia.org/wikipedia/commons/thumb/8/8f/%EC%A0%95%EC%83%81%ED%9B%88_%280h_0m_0s%29.jpg/250px-%EC%A0%95%EC%83%81%ED%9B%88_%280h_0m_0s%29.jpg,44,125,정상훈,no real name,no religion,잼엔터테인먼트,박은혜,"슬하 3남 (첫째 정한성,둘째 정한음, 셋째 정한결)",1997,m,0
125,//upload.wikimedia.org/wikipedia/commons/thumb/d/dc/190501_%EC%A0%95%EC%9A%B0%EC%84%B1.jpg/250px-190501_%EC%A0%95%EC%9A%B0%EC%84%B1.jpg,47,126,정우성,no real name,무교,아티스트컴퍼니,no spouse,no child,1994,m,0
126,//upload.wikimedia.org/wikipedia/commons/thumb/7/7c/Jung_Woong-in.2019.jpg/250px-Jung_Woong-in.2019.jpg,49,127,정웅인,no real name,no religion,큐로홀딩스 매니지먼트,이지인,"슬하 3녀(정세윤, 정소윤, 정다윤)",1994,m,0
127,//upload.wikimedia.org/wikipedia/commons/thumb/d/d2/Jung_Eun-woo_at_Sep_2018.png/250px-Jung_Eun-woo_at_Sep_2018.png,34,128,정은우,정동진(鄭東鎭),no religion,하우엔터테인먼트,no spouse,no child,2006,m,0
128,//upload.wikimedia.org/wikipedia/commons/thumb/e/e0/191025_%EC%A0%95%EC%9D%BC%EC%9A%B0.jpg/250px-191025_%EC%A0%95%EC%9D%BC%EC%9A%B0.jpg,33,129,정일우,no real name,천주교(세례명:안토니오),위에화 엔터테인먼트,no spouse,no child,2006,m,0
129,//upload.wikimedia.org/wikipedia/commons/1/14/190603_%EC%A0%95%EC%9E%AC%EC%98%81.jpg,49,130,정재영,정지현,no religion,아우터코리아,김정은,슬하 2남,1982,m,0
130,//upload.wikimedia.org/wikipedia/commons/thumb/7/71/140807_%EC%A0%95%EC%A4%80%ED%95%98.jpg/220px-140807_%EC%A0%95%EC%A4%80%ED%95%98.jpg,49,131,정준하,no real name,개신교(예장합동)[1][2],야무진,야기 니나,no child,1995,m,0
131,//upload.wikimedia.org/wikipedia/commons/thumb/1/16/190930_%EC%A0%95%EC%A4%80%ED%98%B8_%282%29.jpg/250px-190930_%EC%A0%95%EC%A4%80%ED%98%B8_%282%29.jpg,50,132,정준호,no real name,천주교(세례명 : 다니엘),STX라이언하트,이하정,"정시욱(아들), 정유담(딸)",1995,m,0
132,//upload.wikimedia.org/wikipedia/commons/thumb/9/99/%EC%A0%95%EC%A7%84%EC%98%81_Jeong_Jin-yeong_pandora_161130_04.png/250px-%EC%A0%95%EC%A7%84%EC%98%81_Jeong_Jin-yeong_pandora_161130_04.png,55,133,정진영,no real name,no religion,FNC 엔터테인먼트,no spouse,no child,1988,m,0
133,//upload.wikimedia.org/wikipedia/commons/thumb/e/ea/Jo_Jae-yoon.2019.jpg/250px-Jo_Jae-yoon.2019.jpg,46,134,조재윤,no real name,no religion,비비엔터테인먼트,조은애,no child,2003,m,0
134,//upload.wikimedia.org/wikipedia/commons/thumb/5/56/Jo_Jung-suk_in_May_2019.jpg/250px-Jo_Jung-suk_in_May_2019.jpg,39,135,조정석,no real name,개신교[1],잼엔터테인먼트[2],거미(본명: 박지연) (2018년 ~ 현재),슬하 1녀(2020년 8월 6일생),2004,m,0
135,//upload.wikimedia.org/wikipedia/commons/thumb/0/0d/Joo_Ji-hoon_in_Jan_2019.png/250px-Joo_Ji-hoon_in_Jan_2019.png,38,136,주지훈,no real name,no religion,키이스트,no spouse,no child,2003,m,0
136,//upload.wikimedia.org/wikipedia/commons/thumb/d/de/180212_%EC%A7%80%EC%9D%BC%EC%A3%BC.png/250px-180212_%EC%A7%80%EC%9D%BC%EC%A3%BC.png,34,137,지일주,no real name,no religion,씨제스 엔터테인먼트,no spouse,no child,2007,m,0
137,//upload.wikimedia.org/wikipedia/commons/thumb/4/49/190701_%EC%A7%80%EC%A7%84%ED%9D%AC.jpg/250px-190701_%EC%A7%80%EC%A7%84%ED%9D%AC.jpg,49,138,지진희,no real name,천주교(세례명: 요한),이끌엔터테인먼트,이수연,슬하 2남,1999,m,0
138,//upload.wikimedia.org/wikipedia/commons/thumb/c/c1/Cha_Seung-won_on_September_24%2C_2012.jpg/250px-Cha_Seung-won_on_September_24%2C_2012.jpg,50,139,차승원,no real name,천주교[1],YG엔터테인먼트,이수진,"차예니(딸),차노아(아들)",1988,m,0
139,//upload.wikimedia.org/wikipedia/commons/thumb/2/29/KBS_%22The_Producers%22_press_conference%2C_11_May_2015_06.jpg/250px-KBS_%22The_Producers%22_press_conference%2C_11_May_2015_06.jpg,44,140,차태현,no real name,개신교(예장합동)[1],블러썸 엔터테인먼트,최석은,"차수찬(장남), 차태은(장녀), 차수진(차녀)",1995,m,0
140,//upload.wikimedia.org/wikipedia/commons/thumb/7/7b/Chun_Ho-jin.2019.jpg/250px-Chun_Ho-jin.2019.jpg,60,141,천호진,no real name,no religion,제이와이드컴퍼니,no spouse,no child,1983,m,0
141,//upload.wikimedia.org/wikipedia/commons/thumb/1/16/191231_%EC%B5%9C%EB%8C%80%EC%B2%A0.jpg/250px-191231_%EC%B5%9C%EB%8C%80%EC%B2%A0.jpg,42,142,최대철,최원철,no religion,킴스엔터테인먼트,최윤경,"최상문(아들), 최성은(딸)",2002,m,0
142,//upload.wikimedia.org/wikipedia/commons/thumb/b/b6/2000%EB%A6%AC%EB%B2%A0%EB%9D%BC%EB%A9%9428.jpg/250px-2000%EB%A6%AC%EB%B2%A0%EB%9D%BC%EB%A9%9428.jpg,58,143,최민수,no real name,no religion,본스타트레이닝센터율앤어베인엔터테인먼트,강주은,"크리스찬 유성 최(장남),벤자민 유진 최(차남)",1985,m,0
143,//upload.wikimedia.org/wikipedia/commons/thumb/5/5d/Choi_Min-sik.jpg/250px-Choi_Min-sik.jpg,58,144,최민식,no real name,불교[출처 필요],씨제스엔터테인먼트,no spouse,no child,1989,m,0
144,//upload.wikimedia.org/wikipedia/commons/thumb/5/5d/Choi_Bool-am_from_acrofan.jpg/250px-Choi_Bool-am_from_acrofan.jpg,80,145,최불암,최영한,천주교(세례명: 프란치스코),no angency,김민자,"최동녘(아들), 최동비(딸)",1959,m,0
145,//upload.wikimedia.org/wikipedia/commons/thumb/2/26/190530_%EC%B5%9C%EC%84%B1%EC%9E%AC.jpg/270px-190530_%EC%B5%9C%EC%84%B1%EC%9E%AC.jpg,36,146,최성재,no real name,no religion,팬 스타즈컴퍼니,no spouse,no child,2002,m,0
146,//upload.wikimedia.org/wikipedia/commons/thumb/b/b5/Choi_Joo-Bong.jpg/250px-Choi_Joo-Bong.jpg,75,147,최주봉,no real name,개신교 → 천주교(세례명: 요셉)[1],no angency,no spouse,최규환(아들),1969,m,0
147,//upload.wikimedia.org/wikipedia/commons/thumb/2/20/170322_%EC%B5%9C%EC%A7%84%ED%98%81_%281%29.jpg/250px-170322_%EC%B5%9C%EC%A7%84%ED%98%81_%281%29.jpg,34,148,최진혁,김태호,no religion,지트리크리에이티브,no spouse,no child,2006,m,0
148,//upload.wikimedia.org/wikipedia/commons/thumb/3/3b/%EC%B5%9C%EC%B0%BD%EB%AF%BC_%28South_Korean_actor%2C_born_1981%29.jpg/250px-%EC%B5%9C%EC%B0%BD%EB%AF%BC_%28South_Korean_actor%2C_born_1981%29.jpg,39,149,최창민,no real name,no religion,아귀 엔터테인먼트,no spouse,no child,1998,m,0
149,//upload.wikimedia.org/wikipedia/commons/thumb/c/c0/Choi_Cheol-ho_from_acrofan.jpg/250px-Choi_Cheol-ho_from_acrofan.jpg,50,150,최철호,no real name,no religion,오피스제로,김혜숙,아래 참조,1990,m,0
150,//upload.wikimedia.org/wikipedia/commons/thumb/0/0b/190604_%ED%95%98%EC%84%9D%EC%A7%84.jpg/250px-190604_%ED%95%98%EC%84%9D%EC%A7%84.jpg,38,151,하석진,no real name,no religion,씨제스엔터테인먼트,no spouse,no child,2005,m,0
151,//upload.wikimedia.org/wikipedia/commons/thumb/6/6a/190702_%ED%95%9C%EC%84%9D%EA%B7%9C.jpg/250px-190702_%ED%95%9C%EC%84%9D%EA%B7%9C.jpg,56,152,한석규,no real name,무교,클로버컴퍼니,임명주,2남 2녀,1990,m,0
152,//upload.wikimedia.org/wikipedia/commons/thumb/b/b9/181024_%ED%97%88%EC%A4%80%ED%98%B8.png/250px-181024_%ED%97%88%EC%A4%80%ED%98%B8.png,56,153,허준호,no real name,개신교,스토리제이컴퍼니,no spouse,허정인(딸),1986,m,0
153,//upload.wikimedia.org/wikipedia/commons/thumb/c/c4/Hyun_Woo_Sung_from_acrofan.jpg/250px-Hyun_Woo_Sung_from_acrofan.jpg,41,154,현우성,no real name,no religion,no angency,no spouse,no child,2010,m,0
154,//upload.wikimedia.org/wikipedia/commons/5/55/Hong_Kyung-In.jpg,44,155,홍경인,no real name,개신교,델미디어,박애리,no child,1988,m,0
155,//upload.wikimedia.org/wikipedia/commons/thumb/2/2b/Kang_Boo-ja_chopped.jpg/250px-Kang_Boo-ja_chopped.jpg,79,156,강부자,no real name,불교[1],no angency,이묵원,1남 1녀,1962,f,0
156,//upload.wikimedia.org/wikipedia/ko/thumb/5/5e/MOONLIGHT.2009.jpg/200px-MOONLIGHT.2009.jpg,54,157,강수연,no real name,불교,no angency,no spouse,no child,1969,f,0
157,//upload.wikimedia.org/wikipedia/commons/thumb/c/ca/Kang_Ye-bin_%28%EA%B0%95%EC%98%88%EB%B9%88%29_from_acrofan.jpg/250px-Kang_Ye-bin_%28%EA%B0%95%EC%98%88%EB%B9%88%29_from_acrofan.jpg,37,158,강예빈,no real name,no religion,no angency,no spouse,no child,2004,f,0
158,//upload.wikimedia.org/wikipedia/commons/thumb/0/01/Kang_Ye-won_%28%EA%B0%95%EC%98%88%EC%9B%90%29_in_Jan_2015.jpg/250px-Kang_Ye-won_%28%EA%B0%95%EC%98%88%EC%9B%90%29_in_Jan_2015.jpg,40,159,강예원,김지은,천주교 (세례명 : 젬마),제이와이드컴퍼니,no spouse,no child,2001,f,0
159,//upload.wikimedia.org/wikipedia/commons/8/8a/Kang_Hye-jung_%282012%2C_cropped%29.jpg,38,160,강혜정,no real name,no religion,씨제스 엔터테인먼트,타블로,딸 이하루,1997,f,0
160,//upload.wikimedia.org/wikipedia/commons/thumb/4/41/Kyung_Soo-jin_in_2016.jpg/220px-Kyung_Soo-jin_in_2016.jpg,33,161,경수진,no real name,no religion,YG엔터테인먼트,no spouse,no child,2012,f,0
161,//upload.wikimedia.org/wikipedia/commons/thumb/7/7a/Go_Du-sim_from_acrofan.jpg/250px-Go_Du-sim_from_acrofan.jpg,69,162,고두심,no real name,불교,맥스파워 엔터테인먼트,no spouse,"아들 김정환, 딸 김영[1]",1972,f,0
162,//upload.wikimedia.org/wikipedia/commons/thumb/4/40/Go_Sung-hee_at_%22Trade_Love%22_conference%2C_9_January_2019_05.jpg/250px-Go_Sung-hee_at_%22Trade_Love%22_conference%2C_9_January_2019_05.jpg,30,163,고성희,no real name,no religion,엠에스팀 엔터테인먼트,no spouse,no child,2013,f,0
163,//upload.wikimedia.org/wikipedia/commons/thumb/c/c7/195016_%EA%B3%A0%EC%86%8C%EC%98%81.jpg/250px-195016_%EA%B3%A0%EC%86%8C%EC%98%81.jpg,48,164,고소영,no real name,천주교 (세례명: 클로틸다),no angency,장동건,"아들 장준혁, 딸 장윤설[1]",1992,f,0
164,//upload.wikimedia.org/wikipedia/commons/thumb/a/ae/Go_Ara_in_Hwarang_Promotion_in_January_2017.png/250px-Go_Ara_in_Hwarang_Promotion_in_January_2017.png,30,165,고아라,no real name,no religion,아티스트컴퍼니,no spouse,no child,2003,f,0
165,//upload.wikimedia.org/wikipedia/commons/thumb/1/15/190501_%EA%B3%A0%EC%95%84%EC%84%B1.jpg/250px-190501_%EA%B3%A0%EC%95%84%EC%84%B1.jpg,28,166,고아성,no real name,무종교,키이스트,no spouse,no child,2004,f,0
166,//upload.wikimedia.org/wikipedia/commons/thumb/3/36/180702_%EA%B3%A0%EC%9B%90%ED%9D%AC.jpg/250px-180702_%EA%B3%A0%EC%9B%90%ED%9D%AC.jpg,26,167,고원희,no real name,no religion,매니지먼트 구,no spouse,no child,2011,f,0
167,//upload.wikimedia.org/wikipedia/commons/thumb/d/d5/190916_%EA%B3%B5%EC%8A%B9%EC%97%B0.jpg/250px-190916_%EA%B3%B5%EC%8A%B9%EC%97%B0.jpg,27,168,공승연,유승연(개명 전 유수연),no religion,바로엔터테인먼트,no spouse,no child,2012,f,0
168,//upload.wikimedia.org/wikipedia/commons/thumb/1/1a/Gong_Hyo_Jin_%28Sep_2016%29.png/250px-Gong_Hyo_Jin_%28Sep_2016%29.png,40,169,공효진,no real name,천주교 (세례명: 유스티나),매니지먼트 숲,no spouse,no child,1999,f,0
169,//upload.wikimedia.org/wikipedia/commons/b/b8/Kwak_Jin-young.jpg,50,170,곽진영,no real name,no religion,no angency,no spouse,no child,1991,f,0
170,//upload.wikimedia.org/wikipedia/commons/thumb/e/e8/Keum_Sae_Rok_at_2019_The_Fiery_Priest_press_conference.png/250px-Keum_Sae_Rok_at_2019_The_Fiery_Priest_press_conference.png,28,171,금새록,no real name,no religion,UL엔터테인먼트,no spouse,no child,2011,f,0
171,//upload.wikimedia.org/wikipedia/commons/thumb/e/e1/Kim-ga-yeon.jpg/250px-Kim-ga-yeon.jpg,48,172,김가연,김소연,불교,문엔터테인먼트,임요환,"임서령(첫째 딸), 임하령(둘째 딸)",1994,f,0
172,//upload.wikimedia.org/wikipedia/commons/thumb/e/e9/Kim_Kkot-Bi.jpg/250px-Kim_Kkot-Bi.jpg,34,173,김꽃비,no real name,no religion,투이컴퍼니,no spouse,no child,1997,f,0
173,//upload.wikimedia.org/wikipedia/commons/thumb/c/c9/Kim_Na-Woon.jpg/250px-Kim_Na-Woon.jpg,50,174,김나운,no real name,천주교(영세명 : 베로니카)[1],올박스,조수영,no child,1987,f,0
174,//upload.wikimedia.org/wikipedia/commons/thumb/f/fb/Kim_Dami_20200130.jpg/250px-Kim_Dami_20200130.jpg,25,175,김다미,no real name,no religion,앤드마크,no spouse,no child,2017,f,0
175,//upload.wikimedia.org/wikipedia/commons/thumb/6/6a/Kim_Bin-Woo.jpg/220px-Kim_Bin-Woo.jpg,38,176,김빈우,김지영,개신교,no angency,전용진,no child,2001,f,0
176,//upload.wikimedia.org/wikipedia/commons/thumb/a/aa/191010_%EA%B9%80%EC%83%88%EB%A1%A0_%281%29.jpg/250px-191010_%EA%B9%80%EC%83%88%EB%A1%A0_%281%29.jpg,20,177,김새론,no real name,no religion,골드메달리스트,no spouse,no child,2009,f,0
177,//upload.wikimedia.org/wikipedia/commons/thumb/7/70/181122_%EA%B9%80%EC%84%9C%ED%98%95.png/270px-181122_%EA%B9%80%EC%84%9C%ED%98%95.png,47,178,김서형,no real name,no religion,키이스트,no spouse,no child,1994,f,0
178,//upload.wikimedia.org/wikipedia/commons/thumb/6/69/Kim_Sung-ryung_190418.png/250px-Kim_Sung-ryung_190418.png,53,179,김성령,no real name,개신교,와이원엔터테인먼트,이기수[1],"아들 이준호, 이찬영[2]",1988,f,0
179,//upload.wikimedia.org/wikipedia/commons/thumb/0/00/Kim_Ah_Joong.jpg/250px-Kim_Ah_Joong.jpg,38,180,김아중,no real name,천주교(세례명:세실리아),킹엔터테인먼트,no spouse,no child,2004,f,0
180,//upload.wikimedia.org/wikipedia/commons/thumb/1/19/Kim_Yeo-jin_in_2018.png/250px-Kim_Yeo-jin_in_2018.png,48,181,김여진,no real name,천주교(세례명 : 크리스티나),935 엔터테인먼트,김진민,no child,1993,f,0
181,//upload.wikimedia.org/wikipedia/commons/thumb/0/01/Kim_Yoon-Seo.jpg/250px-Kim_Yoon-Seo.jpg,34,182,김윤서,김가은,no religion,후너스엔터테인먼트,no spouse,no child,2010,f,0
182,//upload.wikimedia.org/wikipedia/commons/thumb/0/03/Kim_EZ.jpg/250px-Kim_EZ.jpg,41,183,김이지,김희정,no religion,no angency,송현석,no child,1997,f,0
183,//upload.wikimedia.org/wikipedia/commons/thumb/b/bc/190511_%EA%B9%80%EC%A0%95%ED%99%94.jpg/250px-190511_%EA%B9%80%EC%A0%95%ED%99%94.jpg,37,184,김정화,no real name,no religion,솔트엔터테인먼트,유은성 (결혼 2013),"2남(유화, 유별)",2000,f,0
184,//upload.wikimedia.org/wikipedia/commons/thumb/7/76/200218_%EA%B9%80%ED%83%9C%ED%9D%AC_%282%29.jpg/250px-200218_%EA%B9%80%ED%83%9C%ED%9D%AC_%282%29.jpg,40,185,김태희,no real name,천주교 (세례명: 베르다),스토리제이컴퍼니,비,슬하 2녀,2000,f,0
185,//upload.wikimedia.org/wikipedia/commons/thumb/e/ee/191231_%EA%B9%80%ED%95%98%EA%B2%BD.jpg/250px-191231_%EA%B9%80%ED%95%98%EA%B2%BD.jpg,28,186,김하경,no real name,기독교,SY엔터테인먼트,no spouse,no child,2010,f,0
186,//upload.wikimedia.org/wikipedia/commons/thumb/d/d4/191028_%EA%B9%80%ED%96%A5%EA%B8%B0_%281%29.jpg/250px-191028_%EA%B9%80%ED%96%A5%EA%B8%B0_%281%29.jpg,20,187,김향기,no real name,개신교,나무엑터스,no spouse,no child,2003,f,0
187,//upload.wikimedia.org/wikipedia/commons/thumb/c/c7/Kim_Hae-sook_in_March_2019.png/250px-Kim_Hae-sook_in_March_2019.png,64,188,김해숙,no real name,천주교(세례명: 비비안나),준앤아이,no spouse,슬하 2녀,1975,f,0
188,//upload.wikimedia.org/wikipedia/commons/thumb/4/4c/190425_%EA%B9%80%ED%98%9C%EC%98%A5.jpg/250px-190425_%EA%B9%80%ED%98%9C%EC%98%A5.jpg,62,189,김혜옥,no real name,불교,화이브라더스코리아,no spouse,no child,1978,f,0
189,//upload.wikimedia.org/wikipedia/commons/thumb/d/d8/Kim_hye_yoon_2019_10_02.jpg/250px-Kim_hye_yoon_2019_10_02.jpg,23,190,김혜윤,no real name,개신교,싸이더스HQ(2019년 ~ )[2],no spouse,no child,2013,f,0
190,//upload.wikimedia.org/wikipedia/commons/thumb/a/a0/Kim_Hye-ja_in_Feb_2019.png/250px-Kim_Hye-ja_in_Feb_2019.png,79,191,김혜자,no real name,개신교(예장통합)[1],no angency,임종찬(1998년)작고,"아들 임현식, 딸 임고은",1963,f,0
191,//upload.wikimedia.org/wikipedia/commons/thumb/e/e2/Kim_Hee-ae_in_2019_%28cropped%29.png/250px-Kim_Hee-ae_in_2019_%28cropped%29.png,53,192,김희애,no real name,천주교,YG 엔터테인먼트,no spouse,no child,1983,f,0
192,//upload.wikimedia.org/wikipedia/commons/thumb/a/af/190713_%EB%82%98%EB%AC%B8%ED%9D%AC.jpg/250px-190713_%EB%82%98%EB%AC%B8%ED%9D%AC.jpg,78,193,나문희,나경자,불교,콘텐츠파크 엔터테인먼트,no spouse,슬하 3녀,1960,f,0
193,//upload.wikimedia.org/wikipedia/commons/e/ee/190425_%EB%82%98%ED%98%9C%EB%AF%B8_%282%29.jpg,29,194,나혜미,no real name,개신교,블룸엔터테인먼트,에릭 (결혼 2017),no child,2001,f,0
194,//upload.wikimedia.org/wikipedia/commons/thumb/e/e4/190502_%EB%82%A8%EA%B7%9C%EB%A6%AC.jpg/250px-190502_%EB%82%A8%EA%B7%9C%EB%A6%AC.jpg,36,195,남규리,남규리,no religion,no angency,no spouse,no child,2006,f,0
195,//upload.wikimedia.org/wikipedia/commons/thumb/3/3d/181020_%EB%82%A8%EB%B3%B4%EB%9D%BC_%282%29.jpg/250px-181020_%EB%82%A8%EB%B3%B4%EB%9D%BC_%282%29.jpg,30,196,남보라,no real name,개신교,젤리피쉬 엔터테인먼트,no spouse,no child,2006,f,0
196,//upload.wikimedia.org/wikipedia/commons/thumb/a/a3/190214_%EB%82%A8%EC%83%81%EB%AF%B8_%284%29.jpg/250px-190214_%EB%82%A8%EC%83%81%EB%AF%B8_%284%29.jpg,36,197,남상미,no real name,no religion,제이알 이엔티,임재현,슬하 1녀,2002,f,0
197,//upload.wikimedia.org/wikipedia/commons/thumb/c/ce/190521_%EB%8F%84%EC%A7%80%EC%9B%90.jpg/250px-190521_%EB%8F%84%EC%A7%80%EC%9B%90.jpg,54,198,도지원,no real name,개신교,나무엑터스,no spouse,no child,1989,f,0
198,//upload.wikimedia.org/wikipedia/commons/thumb/5/58/Ra_Mi-ran_in_2017.jpg/250px-Ra_Mi-ran_in_2017.jpg,45,199,라미란,no real name,no religion,씨제스 엔터테인먼트,김진구,아들 김근우,2005,f,0
199,//upload.wikimedia.org/wikipedia/commons/8/89/181230_%272018_MBC_%EC%97%B0%EA%B8%B0%EB%8C%80%EC%83%81%27_%EB%A0%88%EB%93%9C%EC%B9%B4%ED%8E%AB_%EB%A5%98%ED%95%9C%EB%B9%84.jpg,16,200,류한비,no real name,무교,no angency,no spouse,no child,2014,f,0
200,//upload.wikimedia.org/wikipedia/commons/thumb/c/c8/Ryu_Hyun-Kyung.jpg/250px-Ryu_Hyun-Kyung.jpg,37,201,류현경,no real name,불교,프레인TPC,no spouse,no child,1996,f,0
201,//upload.wikimedia.org/wikipedia/commons/thumb/2/2e/180501_%EB%AC%B8%EA%B0%80%EC%98%81_03.jpg/220px-180501_%EB%AC%B8%EA%B0%80%EC%98%81_03.jpg,24,202,문가영,no real name,no religion,키이스트 (2018년 ~ 현재),no spouse,no child,2006,f,0
202,//upload.wikimedia.org/wikipedia/commons/thumb/e/e9/191012_%EB%AC%B8%EA%B7%BC%EC%98%81.jpg/250px-191012_%EB%AC%B8%EA%B7%BC%EC%98%81.jpg,33,203,문근영,no real name,무교,no angency,no spouse,no child,1999,f,0
203,//upload.wikimedia.org/wikipedia/commons/thumb/4/42/180813_%EB%AC%B8%EC%B1%84%EC%9B%90_%283%29.png/250px-180813_%EB%AC%B8%EC%B1%84%EC%9B%90_%283%29.png,33,204,문채원,no real name,천주교 (세례명:보나),나무엑터스,no spouse,no child,2007,f,0
204,//upload.wikimedia.org/wikipedia/commons/9/97/Min_Ji-young_from_acrofan.jpg,41,205,민지영,김민정,무교,no angency,김형균,없음[1],1999,f,0
205,//upload.wikimedia.org/wikipedia/commons/thumb/1/1f/180928_%EB%AF%BC%ED%9A%A8%EB%A6%B0.jpg/250px-180928_%EB%AF%BC%ED%9A%A8%EB%A6%B0.jpg,34,206,민효린,정은란,생명의말씀선교회,플럼에이앤씨,태양 (2018년~ 현재),no child,2006,f,0
206,//upload.wikimedia.org/wikipedia/commons/thumb/0/0d/190905_%EB%B0%95%EB%AF%BC%EC%98%81.jpg/250px-190905_%EB%B0%95%EB%AF%BC%EC%98%81.jpg,34,207,박민영,no real name,no religion,나무엑터스,no spouse,no child,2006,f,0
207,//upload.wikimedia.org/wikipedia/commons/thumb/7/76/Park_Min-ji_from_acrofan.jpg/250px-Park_Min-ji_from_acrofan.jpg,31,208,박민지,no real name,no religion,열음엔터테인먼트,no spouse,no child,2003,f,0
208,//upload.wikimedia.org/wikipedia/commons/thumb/2/2e/190501_%EB%B0%95%EC%84%B8%EC%99%84_%281%29.jpg/250px-190501_%EB%B0%95%EC%84%B8%EC%99%84_%281%29.jpg,26,209,박세완,no real name,no religion,스튜디오 산타클로스엔터테인먼트,no spouse,no child,2016,f,0
209,//upload.wikimedia.org/wikipedia/commons/thumb/4/44/Park_So-dam%2C_2015_%28cropped%29.jpg/250px-Park_So-dam%2C_2015_%28cropped%29.jpg,29,210,박소담,no real name,무종교,아티스트컴퍼니,no spouse,no child,2013,f,0
210,//upload.wikimedia.org/wikipedia/commons/thumb/6/66/Park_Soo-jin_at_the_2014_Seoul_Fashion_Week.JPG/250px-Park_Soo-jin_at_the_2014_Seoul_Fashion_Week.JPG,34,211,박수진,no real name,개신교,키이스트,배용준 (2015년 ~ 현재),슬하 1남 1녀  장남: 2016년 10월 23일  차녀: 2018년 4월 10일,2002,f,0
211,//upload.wikimedia.org/wikipedia/commons/thumb/4/44/Park_Si-Yeon.jpg/220px-Park_Si-Yeon.jpg,41,212,박시연,박미선,no religion,미스틱액터스,박상훈 (이혼),"박라희 (딸), 박차희 (딸)",2000,f,0
212,//upload.wikimedia.org/wikipedia/commons/thumb/2/28/Park_Young-rin.jpg/250px-Park_Young-rin.jpg,36,213,박영린,no real name,no religion,WS엔터테인먼트,no spouse,no child,2006,f,0
213,//upload.wikimedia.org/wikipedia/commons/thumb/e/e5/Park_Ye-Jin.jpg/250px-Park_Ye-Jin.jpg,39,214,박예진,no real name,개신교,사람엔터테인먼트,박희순,no child,1999,f,0
214,//upload.wikimedia.org/wikipedia/commons/thumb/4/42/190713_%EB%B0%95%EC%9B%90%EC%88%99.jpg/250px-190713_%EB%B0%95%EC%9B%90%EC%88%99.jpg,71,215,박원숙,no real name,여호와의 증인,no angency,no spouse,no child,1970,f,0
215,//upload.wikimedia.org/wikipedia/commons/thumb/0/08/180212_%EB%B0%95%EC%9D%80%EB%B9%88.png/250px-180212_%EB%B0%95%EC%9D%80%EB%B9%88.png,28,216,박은빈,no real name,무교,나무엑터스,no spouse,no child,1998,f,0
216,//upload.wikimedia.org/wikipedia/commons/thumb/0/06/180212_%EB%B0%95%EC%A7%84%EC%A3%BC.png/220px-180212_%EB%B0%95%EC%A7%84%EC%A3%BC.png,31,217,박진주,no real name,no religion,앤드마크,no spouse,no child,2008,f,0
217,//upload.wikimedia.org/wikipedia/commons/thumb/3/36/Park_Hee-Jin.jpg/250px-Park_Hee-Jin.jpg,47,218,박희진,no real name,장로회,SY엔터테인먼트,no spouse,no child,1999,f,0
218,//upload.wikimedia.org/wikipedia/commons/thumb/1/15/Doona_Bae_promoting_The_Tunnel.png/220px-Doona_Bae_promoting_The_Tunnel.png,41,219,배두나,no real name,no religion,샛별당 엔터테인먼트[1],no spouse,no child,1998,f,0
219,//upload.wikimedia.org/wikipedia/commons/thumb/a/a8/Suzy_at_a_fansigning_event%2C_31_January_2017_01.jpg/220px-Suzy_at_a_fansigning_event%2C_31_January_2017_01.jpg,26,220,배수지,배수지,무종교,매니지먼트 숲,no spouse,no child,2010,f,0
220,//upload.wikimedia.org/wikipedia/commons/thumb/3/38/Bae_Seul-ki_from_acrofan.jpg/250px-Bae_Seul-ki_from_acrofan.jpg,34,221,배슬기,no real name,개신교,세이온 미디어,심리섭 (유튜버) (2020년 11월 13일 ~ 현재),no child,2005,f,0
221,//upload.wikimedia.org/wikipedia/commons/thumb/f/f5/Bae_Jong-ok.jpg/250px-Bae_Jong-ok.jpg,56,222,배종옥,배종욱,개신교,제이와이드컴퍼니,no spouse,no child,1985,f,0
222,//upload.wikimedia.org/wikipedia/commons/thumb/f/fd/2017%EB%85%84_Marie_Claire_Korea_%EB%B0%B1%EC%A7%84%ED%9D%AC_01.png/250px-2017%EB%85%84_Marie_Claire_Korea_%EB%B0%B1%EC%A7%84%ED%9D%AC_01.png,30,223,백진희,no real name,no religion,제이와이드컴퍼니,no spouse,no child,2008,f,0
223,//upload.wikimedia.org/wikipedia/commons/thumb/e/e7/200103_%EB%B3%80%EC%A0%95%EC%88%98.jpg/250px-200103_%EB%B3%80%EC%A0%95%EC%88%98.jpg,46,224,변정수,no real name,천주교[1],아이오케이컴퍼니,유용운,"딸 유채원, 유정원",1995,f,0
224,//upload.wikimedia.org/wikipedia/commons/thumb/8/8a/160217_%EC%84%9C%EB%AF%BC%EC%A7%80.jpg/250px-160217_%EC%84%9C%EB%AF%BC%EC%A7%80.jpg,28,225,서민지,no real name,no religion,스타쉽 엔터테인먼트(킹콩 by 스타쉽),no spouse,no child,2008,f,0
225,//upload.wikimedia.org/wikipedia/commons/thumb/8/8e/191209_%EC%84%9C%EC%A7%80%ED%98%9C.jpg/250px-191209_%EC%84%9C%EC%A7%80%ED%98%9C.jpg,36,226,서지혜,no real name,no religion,문화창고,no spouse,no child,2003,f,0
226,//upload.wikimedia.org/wikipedia/commons/thumb/c/ce/%EC%84%A4%EC%9D%B8%EC%95%84.jpg/250px-%EC%84%A4%EC%9D%B8%EC%95%84.jpg,24,227,설인아,방예린,무종교,위 엔터테인먼트,no spouse,no child,2015,f,0
227,//upload.wikimedia.org/wikipedia/commons/thumb/8/80/So_Yi-hyun_from_acrofan.jpg/250px-So_Yi-hyun_from_acrofan.jpg,36,228,소이현,조우정,no religion,H&엔터테인먼트,인교진,"딸 인하은, 인소은",2002,f,0
228,//upload.wikimedia.org/wikipedia/commons/thumb/5/58/Sun_Sung-yoon_in_Jan_2019.png/250px-Sun_Sung-yoon_in_Jan_2019.png,36,229,손성윤,no real name,no religion,웅빈이엔에스,no spouse,no child,2005,f,0
229,//upload.wikimedia.org/wikipedia/commons/thumb/7/79/Son_Yeo-Eun_%282%29.jpg/220px-Son_Yeo-Eun_%282%29.jpg,37,230,손여은,변나연 (邊奈嬿)[1],천주교(세례명 : 카타리나)[2],no angency,no spouse,no child,2004,f,0
230,//upload.wikimedia.org/wikipedia/commons/thumb/d/d8/Son_Eun-Seo.jpg/250px-Son_Eun-Seo.jpg,35,231,손은서,손지연,no religion,슈퍼대디,no spouse,no child,2006,f,0
231,//upload.wikimedia.org/wikipedia/commons/thumb/f/f6/Song_Sun-Mi.jpg/250px-Song_Sun-Mi.jpg,45,232,송선미,no real name,no religion,바이브액터스,"고우석(2007년 ~ 2017년, 사망)",딸 고아리(2015년 ~ ),1996,f,0
232,//upload.wikimedia.org/wikipedia/commons/thumb/1/1b/Soong_Ha-yoon_in_2017.jpg/220px-Soong_Ha-yoon_in_2017.jpg,33,233,송하윤,김미선,no religion,스타쉽엔터테인먼트(킹콩 by 스타쉽),no spouse,no child,2003,f,0
233,//upload.wikimedia.org/wikipedia/commons/thumb/2/22/IFFR2015_-_d8_-_Shin_Dong-Mi-1.jpg/250px-IFFR2015_-_d8_-_Shin_Dong-Mi-1.jpg,43,234,신동미,no real name,no religion,스타하우스엔터테인먼트,허규 (뮤지컬 배우),no child,1998,f,0
234,//upload.wikimedia.org/wikipedia/commons/thumb/0/08/Shin_Min_A.jpg/250px-Shin_Min_A.jpg,36,235,신민아,양민아,no religion,에이엔터테인먼트,no spouse,no child,1998,f,0
235,//upload.wikimedia.org/wikipedia/commons/thumb/a/ab/190717_%EC%8B%A0%EC%84%B8%EA%B2%BD.jpg/250px-190717_%EC%8B%A0%EC%84%B8%EA%B2%BD.jpg,30,236,신세경,no real name,개신교(침례회)[1],나무엑터스,no spouse,no child,1998,f,0
236,//upload.wikimedia.org/wikipedia/commons/thumb/9/9f/181230_%EC%8B%A0%EC%9D%80%EC%88%98.jpg/250px-181230_%EC%8B%A0%EC%9D%80%EC%88%98.jpg,18,237,신은수,no real name,no religion,앤피오엔터테인먼트JYP 엔터테인먼트,no spouse,no child,2016,f,0
237,//upload.wikimedia.org/wikipedia/commons/thumb/0/01/190521_%EC%8B%A0%ED%98%9C%EC%84%A0.jpg/220px-190521_%EC%8B%A0%ED%98%9C%EC%84%A0.jpg,31,238,신혜선,no real name,무종교,YNK 엔터테인먼트,no spouse,no child,2013,f,0
238,//upload.wikimedia.org/wikipedia/commons/thumb/6/6a/200108_%EC%8B%AC%EC%9D%80%EA%B2%BD.jpg/250px-200108_%EC%8B%AC%EC%9D%80%EA%B2%BD.jpg,26,239,심은경,no real name,no religion,유마니테,no spouse,no child,2004,f,0
239,//upload.wikimedia.org/wikipedia/commons/thumb/7/77/Shim_Eun_Jin_from_acrofan.jpg/250px-Shim_Eun_Jin_from_acrofan.jpg,39,240,심은진,no real name,개신교,비비엔터테인먼트,no spouse,no child,1998,f,0
240,//upload.wikimedia.org/wikipedia/commons/thumb/2/2c/Sim_I-yeong_from_acrofan.jpg/250px-Sim_I-yeong_from_acrofan.jpg,40,241,심이영,김진아,개신교,높은엔터테인먼트,최원영(2014년 ~ ),"딸 최지율, 최선율",2000,f,0
241,//upload.wikimedia.org/wikipedia/commons/thumb/c/c6/Ahn_Sun-Young.jpg/250px-Ahn_Sun-Young.jpg,44,242,안선영,no real name,개신교[1],no angency,서정관,아들 서바로,1994,f,0
242,//upload.wikimedia.org/wikipedia/commons/thumb/d/df/Ahn_Hye-Kyung.jpg/250px-Ahn_Hye-Kyung.jpg,41,243,안혜경,no real name,no religion,토비스미디어,no spouse,no child,2001,f,0
243,//upload.wikimedia.org/wikipedia/commons/thumb/1/1b/Yang_Jung-Ah.jpg/250px-Yang_Jung-Ah.jpg,49,244,양정아,no real name,개신교,씨엘엔컴퍼니,3살 연하의 사업가 (2013년 ~ 2017년),無[1],1992,f,0
244,//upload.wikimedia.org/wikipedia/commons/thumb/9/99/131123_%EC%97%84%EC%A0%95%ED%99%94.jpg/250px-131123_%EC%97%84%EC%A0%95%ED%99%94.jpg,49,245,엄정화,no real name,개신교,사람엔터테인먼트,no spouse,no child,1993,f,0
245,//upload.wikimedia.org/wikipedia/commons/thumb/e/e7/190510_%EC%97%84%ED%98%84%EA%B2%BD.jpg/250px-190510_%EC%97%84%ED%98%84%EA%B2%BD.jpg,34,246,엄현경,no real name,무교,높은엔터테인먼트,no spouse,no child,2005,f,0
246,//upload.wikimedia.org/wikipedia/commons/thumb/b/bd/181122_%EC%97%BC%EC%A0%95%EC%95%84.png/250px-181122_%EC%97%BC%EC%A0%95%EC%95%84.png,48,247,염정아,no real name,개신교,아티스트컴퍼니,허일,"딸 허정효, 아들 허시형",1991,f,0
247,//upload.wikimedia.org/wikipedia/commons/thumb/2/2f/181011_%EC%98%88%EC%88%98%EC%A0%95.jpg/250px-181011_%EC%98%88%EC%88%98%EC%A0%95.jpg,65,248,예수정,no real name,no religion,S&A엔터테인먼트,no spouse,"김예나[2] (딸, 연극 연출가)",1973,f,0
248,//upload.wikimedia.org/wikipedia/commons/thumb/4/42/190708_%EC%98%88%EC%A7%80%EC%9B%90.jpg/250px-190708_%EC%98%88%EC%A7%80%EC%9B%90.jpg,47,249,예지원,이유정,개신교,더퀸AMC,no spouse,no child,1996,f,0
249,//upload.wikimedia.org/wikipedia/commons/thumb/7/7a/Oh_Seung-hyeon_from_acrofan.jpg/250px-Oh_Seung-hyeon_from_acrofan.jpg,42,250,오승현,오승현,가톨릭 (세례명: 카타리나),뽀빠이엔터테인먼트,no spouse,no child,2000,f,0
250,//upload.wikimedia.org/wikipedia/commons/thumb/d/d4/170821_%EC%98%A4%EC%97%B0%EC%84%9C_09.jpg/250px-170821_%EC%98%A4%EC%97%B0%EC%84%9C_09.jpg,33,251,오연서,오햇님,no religion,싸이더스HQ,no spouse,no child,2002,f,0
251,//upload.wikimedia.org/wikipedia/commons/thumb/5/50/Oh_Young-Sil_from_acrofan.jpg/110px-Oh_Young-Sil_from_acrofan.jpg,55,252,오영실,no real name,개신교(장로회),스케치 E&M,남석진,"슬하 2남 아들 남종수, 남혁수",1987,f,0
252,//upload.wikimedia.org/wikipedia/commons/thumb/2/2f/Oh_Yoon-ah%2C_2011_%28cropped%29.jpg/220px-Oh_Yoon-ah%2C_2011_%28cropped%29.jpg,40,253,오윤아,no real name,no religion,폴라리스엔터테인먼트,송훈,아들 송민[1],2000,f,0
253,//upload.wikimedia.org/wikipedia/commons/thumb/d/d7/Wang_Bit-na_in_Feb_2019.png/250px-Wang_Bit-na_in_Feb_2019.png,39,254,왕빛나,no real name,개신교,이엘라이즈,정승우 (이혼),2남,2001,f,0
254,//upload.wikimedia.org/wikipedia/commons/thumb/d/d7/190920_%EC%9B%90%EC%A7%84%EC%95%84.jpg/250px-190920_%EC%9B%90%EC%A7%84%EC%95%84.jpg,29,255,원진아,no real name,no religion,유본컴퍼니,no spouse,no child,2015,f,0
255,//upload.wikimedia.org/wikipedia/ko/thumb/4/4e/YOU.JIIN.20060329.jpg/250px-YOU.JIIN.20060329.jpg,64,256,유지인,이윤희  李允熙,no religion,아이티이엠,있음,슬하 2녀,1973,f,0
256,//upload.wikimedia.org/wikipedia/commons/thumb/b/b9/Yoo_Ho-Rin.jpg/250px-Yoo_Ho-Rin.jpg,36,257,유호린,유주희,no religion,매그넘엔터테인먼트,no spouse,no child,2006,f,0
257,//upload.wikimedia.org/wikipedia/commons/thumb/1/13/Yoon_So-yi_in_May_2019.png/250px-Yoon_So-yi_in_May_2019.png,35,258,윤소이,문소이,불교,후너스엔터테인먼트,조성윤,no child,2001,f,0
258,//upload.wikimedia.org/wikipedia/commons/thumb/9/92/Yoon_Ah-jeong_from_acrofan.jpg/220px-Yoon_Ah-jeong_from_acrofan.jpg,36,259,윤아정,no real name,no religion,디어썸엔터테인먼트,no spouse,no child,2008,f,0
259,//upload.wikimedia.org/wikipedia/commons/d/df/Yoon_Yeo-jeong_at_the_2016_Women_In_Film_Korea_Festival_and_Kim_Taer-ri_at_the_2016_Women_In_Film_Korea_Festival.jpg,73,260,윤여정,no real name,no religion,후크엔터테인먼트,no spouse,2남,1966,f,0
260,//upload.wikimedia.org/wikipedia/commons/thumb/6/6b/Yoon_Eun-Hye_%282%29.jpg/250px-Yoon_Eun-Hye_%282%29.jpg,36,261,윤은혜,no real name,개신교,제이아미엔터테인먼트,no spouse,no child,1999,f,0
261,//upload.wikimedia.org/wikipedia/commons/thumb/7/73/Yoon_Ju-hee_from_acrofan.jpg/250px-Yoon_Ju-hee_from_acrofan.jpg,35,262,윤주희,no real name,no religion,큐로홀딩스,no spouse,no child,2004,f,0
262,//upload.wikimedia.org/wikipedia/commons/thumb/c/c4/Yoon_Ji-Min.jpg/250px-Yoon_Ji-Min.jpg,43,263,윤지민,윤지영,no religion,문화창고,권해성 (2013년 ~ 현재),슬하 1녀,2006,f,0
263,//upload.wikimedia.org/wikipedia/commons/thumb/4/40/Yoon_Jin-seo_at_the_Sunday_Punch_premiere_106.jpg/250px-Yoon_Jin-seo_at_the_Sunday_Punch_premiere_106.jpg,37,264,윤진서,윤수경 (尹水京),no religion,no angency,no spouse,no child,2001,f,0
264,//upload.wikimedia.org/wikipedia/commons/thumb/b/b7/Lee_Na-young_in_Jan_2019.png/250px-Lee_Na-young_in_Jan_2019.png,41,265,이나영,no real name,no religion,이든나인,원빈,슬하 1남,1998,f,0
265,//upload.wikimedia.org/wikipedia/commons/thumb/5/51/190214_%EC%9D%B4%EB%AF%B8%EC%88%99.jpg/250px-190214_%EC%9D%B4%EB%AF%B8%EC%88%99.jpg,61,266,이미숙,no real name,불교,싸이더스 HQ,"
이전 배우자: 홍성호
","슬하 1남 (홍필원), 1녀",1978,f,0
266,//upload.wikimedia.org/wikipedia/commons/thumb/7/74/Lee_Bo-Hee.jpg/250px-Lee_Bo-Hee.jpg,61,267,이보희,조영숙 (趙英淑),no religion,아이티이엠,no spouse,no child,1978,f,0
267,//upload.wikimedia.org/wikipedia/commons/thumb/f/f2/Lee_Sung-kyung_at_32nd_Golden_Disc_Awards%2C_10_January_2018.jpg/250px-Lee_Sung-kyung_at_32nd_Golden_Disc_Awards%2C_10_January_2018.jpg,30,268,이성경,no real name,개신교(순복음교회),"YG 엔터테인먼트, YG케이플러스",no spouse,no child,2008,f,0
268,//upload.wikimedia.org/wikipedia/commons/thumb/a/aa/Lee_Seung-yeon_in_Dec_2018.jpg/300px-Lee_Seung-yeon_in_Dec_2018.jpg,52,269,이승연,no real name,불교,매니지먼트 이상,김문철,김아람(딸),1992,f,0
269,//upload.wikimedia.org/wikipedia/commons/thumb/a/ad/Lee_Yeon-Doo_from_acrofan.jpg/250px-Lee_Yeon-Doo_from_acrofan.jpg,36,270,이연두,이현경,개신교,원앤원스타즈,no spouse,no child,2006,f,0
270,//upload.wikimedia.org/wikipedia/commons/thumb/b/b8/191212_%EC%9D%B4%EC%97%B4%EC%9D%8C_%281%29.jpg/250px-191212_%EC%9D%B4%EC%97%B4%EC%9D%8C_%281%29.jpg,24,271,이열음,이현정,no religion,나무엑터스,no spouse,no child,2013,f,0
271,//upload.wikimedia.org/wikipedia/commons/thumb/8/85/Lee_Young-ae_in_2017.jpg/250px-Lee_Young-ae_in_2017.jpg,49,272,이영애,no real name,no religion,굳피플,정호영 (2009년 ~ 현재),"아들 정승권, 딸 정승빈",1990,f,0
272,//upload.wikimedia.org/wikipedia/commons/thumb/7/7f/170712_%EC%9D%B4%EC%98%81%EC%9C%A0.jpg/250px-170712_%EC%9D%B4%EC%98%81%EC%9C%A0.jpg,22,273,이영유,전영유,no religion,no angency,no spouse,no child,2003,f,0
273,//upload.wikimedia.org/wikipedia/commons/thumb/6/6b/Lee_Yo-won_in_2018.jpg/220px-Lee_Yo-won_in_2018.jpg,40,274,이요원,no real name,천주교[1],매니지먼트 구,박진우,no child,1998,f,0
274,//upload.wikimedia.org/wikipedia/commons/thumb/e/e0/Lee_Yoo-ri_at_Aug_2018.png/250px-Lee_Yoo-ri_at_Aug_2018.png,40,275,이유리,no real name,개신교 (장로교),더준 엔터테인먼트,조계현 (목회자),no child,2001,f,0
275,//upload.wikimedia.org/wikipedia/commons/thumb/f/fb/170322_%EC%9D%B4%EC%9C%A0%EC%98%81_%282%29.jpg/250px-170322_%EC%9D%B4%EC%9C%A0%EC%98%81_%282%29.jpg,30,276,이유영,no real name,no religion,에이스팩토리,no spouse,no child,2014,f,0
276,//upload.wikimedia.org/wikipedia/commons/6/6d/Lee_Yoon-Mi_from_acrofan.jpg,39,277,이윤미,no real name,개신교,no angency,주영훈,3녀(장녀 주아라),2002,f,0
277,//upload.wikimedia.org/wikipedia/commons/thumb/8/88/180212_%EC%9D%B4%EC%9C%A4%EC%A7%80.png/250px-180212_%EC%9D%B4%EC%9C%A4%EC%A7%80.png,36,278,이윤지,no real name,no religion,나무엑터스,정한울 (2014년 9월 ~ 현재),슬하 2녀,2003,f,0
278,//upload.wikimedia.org/wikipedia/commons/thumb/9/92/Lee_in_hye_in_fanmeeting.jpg/251px-Lee_in_hye_in_fanmeeting.jpg,39,279,이인혜,no real name,로마 가톨릭교회(세례명 : 데레사[1]),스타잇 엔터테인먼트,no spouse,no child,1991,f,0
279,//upload.wikimedia.org/wikipedia/commons/thumb/b/be/Lee_Il-hwa_in_2017.jpg/250px-Lee_Il-hwa_in_2017.jpg,49,280,이일화,no real name,개신교,빅보스엔터테인먼트,no spouse,딸 강민아,1991,f,0
280,//upload.wikimedia.org/wikipedia/commons/thumb/9/91/%EC%9D%B4%EC%A3%BC%EB%B9%88_%ED%8C%9D%ED%80%B4%EC%A6%88_03.png/250px-%EC%9D%B4%EC%A3%BC%EB%B9%88_%ED%8C%9D%ED%80%B4%EC%A6%88_03.png,31,281,이주빈,no real name,no religion,에스더블유엠피,no spouse,no child,2010,f,0
281,//upload.wikimedia.org/wikipedia/commons/thumb/9/93/%EC%9D%B4%EC%A7%80%EC%95%84.jpg/250px-%EC%9D%B4%EC%A7%80%EC%95%84.jpg,42,282,이지아,김상은,no religion,BH엔터테인먼트,no spouse,no child,2007,f,0
282,//upload.wikimedia.org/wikipedia/commons/thumb/9/94/191025_%EC%9D%B4%EC%B2%AD%EC%95%84.jpg/250px-191025_%EC%9D%B4%EC%B2%AD%EC%95%84.jpg,36,283,이청아,no real name,no religion,킹스랜드,no spouse,no child,2002,f,0
283,//upload.wikimedia.org/wikipedia/commons/thumb/7/75/181122_%EC%9D%B4%ED%83%9C%EB%9E%80.png/250px-181122_%EC%9D%B4%ED%83%9C%EB%9E%80.png,45,284,이태란,no real name,no religion,더퀸AMC,신승환,no child,1997,f,0
284,//upload.wikimedia.org/wikipedia/commons/thumb/1/1f/Lee_Tae-im_at_the_press_conference_for_Please_Marry_Me_012.jpg/220px-Lee_Tae-im_at_the_press_conference_for_Please_Marry_Me_012.jpg,34,285,이태임,이경원,no religion,no angency,12살 연상의 M&A 사업가,no child,2007,f,0
285,//upload.wikimedia.org/wikipedia/commons/thumb/1/1f/Lee_Hana_at_Voice_3_press_conference.png/250px-Lee_Hana_at_Voice_3_press_conference.png,38,286,이하나,no real name,no religion,프레인TPC,no spouse,no child,2006,f,0
286,//upload.wikimedia.org/wikipedia/commons/thumb/f/f3/Lee_Ha-nui_in_Feb_2019.png/250px-Lee_Ha-nui_in_Feb_2019.png,37,287,이하늬,no real name,개신교(장로회),사람엔터테인먼트,no spouse,no child,2006,f,0
287,//upload.wikimedia.org/wikipedia/commons/thumb/4/49/Shopaholic_Louis_Im_semi.jpg/250px-Shopaholic_Louis_Im_semi.jpg,33,288,임세미,no real name,no religion,YNK엔터테인먼트,no spouse,no child,2004,f,0
288,//upload.wikimedia.org/wikipedia/commons/thumb/7/7a/Lim_Soo-hyang_at_Oct_2018.png/250px-Lim_Soo-hyang_at_Oct_2018.png,30,289,임수향,no real name,무교,FN엔터테인먼트,no spouse,no child,2009,f,0
289,//upload.wikimedia.org/wikipedia/commons/d/dc/190302_KBS2_%27%ED%95%B4%ED%94%BC%ED%88%AC%EA%B2%8C%EB%8D%944%27_%EC%B6%9C%EA%B7%BC%EA%B8%B8_%EC%9E%84%EC%98%88%EC%A7%84_%281%29.jpg,60,290,임예진,임기희,no religion,no angency,최창욱,no child,1974,f,0
290,//upload.wikimedia.org/wikipedia/commons/thumb/f/f5/Lim_Eun-kyung%2C_2015_%28cropped%29.jpg/250px-Lim_Eun-kyung%2C_2015_%28cropped%29.jpg,37,291,임은경,no real name,no religion,no angency,no spouse,no child,1999,f,0
291,//upload.wikimedia.org/wikipedia/commons/thumb/8/85/Lim_Jung-Eun.jpg/250px-Lim_Jung-Eun.jpg,39,292,임정은,no real name,no religion,PF컴퍼니,no spouse,"딸 아인, 아들 재아",2002,f,0
292,//upload.wikimedia.org/wikipedia/commons/6/67/Lim_Ju-eun_at_%22Uncontrollably_Fond%22_press_conference%2C_4_July_2016.jpg,32,293,임주은,no real name,no religion,지트리크리에이티브,no spouse,no child,2005,f,0
293,//upload.wikimedia.org/wikipedia/commons/thumb/1/16/190805_%EC%9E%84%EC%A7%80%EC%97%B0.jpg/250px-190805_%EC%9E%84%EC%A7%80%EC%97%B0.jpg,30,294,임지연,no real name,no religion,아티스트컴퍼니,no spouse,no child,2014,f,0
294,//upload.wikimedia.org/wikipedia/commons/thumb/5/5b/Lim_Hwa-yeong_in_2019.jpg/250px-Lim_Hwa-yeong_in_2019.jpg,36,295,임화영,no real name,no religion,유본컴퍼니,no spouse,no child,2009,f,0
295,//upload.wikimedia.org/wikipedia/commons/9/97/Jang_Na-ra_in_July_2017.jpg,39,296,장나라,no real name,개신교,라원문화,no spouse,no child,2001,f,0
296,//upload.wikimedia.org/wikipedia/commons/thumb/6/6c/Jang_Mi-Hee.jpg/250px-Jang_Mi-Hee.jpg,62,297,장미희,장미정,no religion,no angency,no spouse,no child,1976,f,0
297,//upload.wikimedia.org/wikipedia/commons/thumb/b/b7/Jang_Shin-Young_from_acrofan.jpg/220px-Jang_Shin-Young_from_acrofan.jpg,36,298,장신영,장신자,no religion,케이스타엔터테인먼트,강경준,"2남 (아들 강정안, 강정우)",2001,f,0
298,//upload.wikimedia.org/wikipedia/commons/thumb/1/13/190326_%EC%9E%A5%ED%9D%AC%EB%A0%B9.jpg/250px-190326_%EC%9E%A5%ED%9D%AC%EB%A0%B9.jpg,26,299,장희령,no real name,no religion,화이브라더스코리아,no spouse,no child,2014,f,0
299,//upload.wikimedia.org/wikipedia/commons/thumb/b/b6/%EC%A0%84%EC%97%AC%EB%B9%88.png/250px-%EC%A0%84%EC%97%AC%EB%B9%88.png,31,300,전여빈,no real name,no religion,제이와이드컴퍼니,no spouse,no child,2015,f,0
300,//upload.wikimedia.org/wikipedia/commons/thumb/1/1a/Jeon_Ik-Ryung.jpg/250px-Jeon_Ik-Ryung.jpg,39,301,전익령,no real name,no religion,no angency,no spouse,슬하 1남,2001,f,0
301,//upload.wikimedia.org/wikipedia/commons/thumb/7/75/Jeon_In-hwa_at_the_2010_KBS_Drama_Acting_Awards_699.jpg/250px-Jeon_In-hwa_at_the_2010_KBS_Drama_Acting_Awards_699.jpg,55,302,전인화,no real name,no religion,no angency,유동근 (1989년 ~ 현재),"아들 유지상, 딸 유서현",1985,f,0
302,//upload.wikimedia.org/wikipedia/commons/thumb/6/69/190501_%EC%A0%84%EC%A2%85%EC%84%9C.jpg/250px-190501_%EC%A0%84%EC%A2%85%EC%84%9C.jpg,26,303,전종서,no real name,no religion,마이컴퍼니,no spouse,no child,2018,f,0
303,//upload.wikimedia.org/wikipedia/commons/thumb/9/9c/Jung_Ga-Eun.jpg/220px-Jung_Ga-Eun.jpg,42,304,정가은,백라희(개명 전 이름: 백성향),개신교,더블브이 엔터테인먼트,no spouse,no child,1997,f,0
304,//upload.wikimedia.org/wikipedia/commons/thumb/1/1f/Jung_So_Min_%27Daddy_You%2C_Daughter_Me%27_Press_Conference.png/250px-Jung_So_Min_%27Daddy_You%2C_Daughter_Me%27_Press_Conference.png,31,305,정소민,김윤지[1],no religion,블러썸 엔터테인먼트,no spouse,no child,2010,f,0
305,//upload.wikimedia.org/wikipedia/commons/thumb/c/ce/Jung_Eun-Chae_at_the_Blue_Dragon_Film_Awards_%282013%29.jpg/220px-Jung_Eun-Chae_at_the_Blue_Dragon_Film_Awards_%282013%29.jpg,33,306,정은채,정솔미,no religion,키이스트,no spouse,no child,2010,f,0
306,//upload.wikimedia.org/wikipedia/commons/thumb/0/0d/191113_%EC%A0%95%EC%9D%B8%EC%84%A0.png/250px-191113_%EC%A0%95%EC%9D%B8%EC%84%A0.png,29,307,정인선,no real name,no religion,H&엔터테인먼트,no spouse,no child,1995,f,0
307,//upload.wikimedia.org/wikipedia/commons/thumb/f/f5/200129_%EC%A1%B0%EB%B3%B4%EC%95%84_%282%29.jpg/250px-200129_%EC%A1%B0%EB%B3%B4%EC%95%84_%282%29.jpg,29,308,조보아,조보윤[1],무교,싸이더스HQ,no spouse,no child,2011,f,0
308,//upload.wikimedia.org/wikipedia/commons/thumb/9/92/Cho_Yeo-jung_in_Dec_2019_%28Revised%29.png/250px-Cho_Yeo-jung_in_Dec_2019_%28Revised%29.png,39,309,조여정,no real name,no religion,높은엔터테인먼트,no spouse,no child,1997,f,0
309,//upload.wikimedia.org/wikipedia/commons/thumb/3/3e/181018_%EC%A1%B0%EC%9A%B0%EB%A6%AC.png/250px-181018_%EC%A1%B0%EC%9A%B0%EB%A6%AC.png,28,310,조우리,no real name,no religion,키이스트,no spouse,no child,2011,f,0
310,//upload.wikimedia.org/wikipedia/commons/thumb/a/a6/Joo_Da-young_from_acrofan.jpg/250px-Joo_Da-young_from_acrofan.jpg,25,311,주다영,주다영,개신교[1],ASK 엔터테인먼트,no spouse,no child,1997,f,0
311,//upload.wikimedia.org/wikipedia/commons/thumb/9/91/200129_%EC%A7%84%EC%84%9C%EC%97%B0.jpg/250px-200129_%EC%A7%84%EC%84%9C%EC%97%B0.jpg,37,312,진서연,김정선,no religion,제이와이드컴퍼니,이창원,no child,2007,f,0
312,//upload.wikimedia.org/wikipedia/commons/thumb/c/c9/191212_%EC%A7%84%EC%84%B8%EC%97%B0_%282%29.jpg/250px-191212_%EC%A7%84%EC%84%B8%EC%97%B0_%282%29.jpg,26,313,진세연,김윤정,no religion,얼리버드 엔터테인먼트,no spouse,no child,2010,f,0
313,//upload.wikimedia.org/wikipedia/commons/f/f6/Jin_Ye-Sol_from_acrofan.jpg,35,314,진예솔,no real name,무교,후너스엔터테인먼트,no spouse,no child,2009,f,0
314,//upload.wikimedia.org/wikipedia/commons/thumb/1/12/191017_%EC%B0%A8%EC%98%88%EB%A0%A8.jpg/250px-191017_%EC%B0%A8%EC%98%88%EB%A0%A8.jpg,35,315,차예련,박현호,no religion,HB엔터테인먼트,주상욱,딸 주인아,2005,f,0
315,//upload.wikimedia.org/wikipedia/commons/thumb/f/ff/Chae_Si-Ra.jpg/250px-Chae_Si-Ra.jpg,52,316,채시라,no real name,천주교,씨제스엔터테인먼트,김태욱 (가수),"딸 김채니, 아들 김채민",1982,f,0
316,//upload.wikimedia.org/wikipedia/commons/f/fb/Chae_Young-in_%28%EC%B1%84%EC%98%81%EC%9D%B8%29_from_acrofan.jpg,38,317,채영인,배영선,개신교,no angency,no spouse,no child,2000,f,0
317,//upload.wikimedia.org/wikipedia/commons/thumb/7/7e/Chae_Jung_An.jpg/250px-Chae_Jung_An.jpg,43,318,채정안,장정안 (張貞安),개신교,에스팀엔터테인먼트,no spouse,no child,1996,f,0
318,//upload.wikimedia.org/wikipedia/commons/thumb/5/5c/Chun_Woo-Hee-9494.jpg/250px-Chun_Woo-Hee-9494.jpg,33,319,천우희,no real name,no religion,나무엑터스,no spouse,no child,2004,f,0
319,//upload.wikimedia.org/wikipedia/commons/thumb/a/ad/Choi_Song-hyun_from_acrofan.jpg/250px-Choi_Song-hyun_from_acrofan.jpg,38,320,최송현,no real name,천주교,no angency,이재한,no child,2005,f,0
320,//upload.wikimedia.org/wikipedia/commons/thumb/2/25/191231_%EC%B5%9C%EC%9C%A4%EC%86%8C.jpg/250px-191231_%EC%B5%9C%EC%9C%A4%EC%86%8C.jpg,35,321,최윤소,no real name,개신교,빅픽처엔터테인먼트,no spouse,no child,2003,f,0
321,//upload.wikimedia.org/wikipedia/commons/thumb/f/fe/Choi_Ja-Hye.jpg/250px-Choi_Ja-Hye.jpg,38,322,최자혜,no real name,no religion,FN엔터테인먼트,조남웅,슬하 2남,2001,f,0
322,//upload.wikimedia.org/wikipedia/commons/thumb/e/e4/Choi_Jung-Yoon.jpg/250px-Choi_Jung-Yoon.jpg,43,323,최정윤,no real name,개신교(장로회),워크하우스컴퍼니,윤태준,딸 윤지우,1996,f,0
323,//upload.wikimedia.org/wikipedia/commons/thumb/c/c9/Choi_Ji-yeon_1_%28cropped%29.JPG/250px-Choi_Ji-yeon_1_%28cropped%29.JPG,45,324,최지연,no real name,개신교,MBK,no spouse,no child,1999,f,0
324,//upload.wikimedia.org/wikipedia/commons/thumb/8/8c/%28Marie_Claire_Korea%29_Choi_Hee-seo.jpg/250px-%28Marie_Claire_Korea%29_Choi_Hee-seo.jpg,33,325,최희서,최문경,no religion,사람엔터테인먼트,비연예인 일반인 남성,no child,2009,f,0
325,//upload.wikimedia.org/wikipedia/commons/thumb/d/d2/Chu_So-Young.jpg/250px-Chu_So-Young.jpg,39,326,추소영,no real name,개신교,프레즐프로덕션,김진용,미확정,1998,f,0
326,//upload.wikimedia.org/wikipedia/commons/thumb/e/e3/190404_%EC%B6%94%EC%9E%90%ED%98%84.jpg/250px-190404_%EC%B6%94%EC%9E%90%ED%98%84.jpg,41,327,추자현,추은주,no religion,BH 엔터테인먼트,우효광 (결혼 2017),아들 우바다,1996,f,0
327,//upload.wikimedia.org/wikipedia/commons/thumb/5/59/191025_%ED%91%9C%EC%98%88%EC%A7%84.jpg/250px-191025_%ED%91%9C%EC%98%88%EC%A7%84.jpg,28,328,표예진,no real name,기독교,팬 스타즈컴퍼니,no spouse,no child,2012,f,0
328,//upload.wikimedia.org/wikipedia/commons/thumb/4/4d/Ha_Si-eun_in_May_2019.png/225px-Ha_Si-eun_in_May_2019.png,36,329,하시은,no real name,no religion,no angency,no spouse,no child,2002,f,0
329,//upload.wikimedia.org/wikipedia/commons/thumb/c/c4/Ha_Yeon-joo_in_2018_%282%29.jpg/300px-Ha_Yeon-joo_in_2018_%282%29.jpg,33,330,하연주,no real name,no religion,화이브라더스코리아,no spouse,no child,2008,f,0
330,//upload.wikimedia.org/wikipedia/commons/thumb/f/f1/2018_BH_Han_Ga-in_01.jpg/250px-2018_BH_Han_Ga-in_01.jpg,38,331,한가인,김현주,무교,BH엔터테인먼트,연정훈,"1남 1녀 (딸 연재희, 아들 연재준)",2002,f,0
331,//upload.wikimedia.org/wikipedia/commons/thumb/4/4e/HANSOOYEUN.jpg/250px-HANSOOYEUN.jpg,37,332,한수연,이매리,no religion,스타잇엔터테인먼트,no spouse,no child,2006,f,0
332,//upload.wikimedia.org/wikipedia/commons/thumb/c/cc/Han_Ye-ri_at_%27Sea_Fog%27_stage_greeting_1.jpg/250px-Han_Ye-ri_at_%27Sea_Fog%27_stage_greeting_1.jpg,35,333,한예리,김예리,no religion,사람 엔터테인먼트,no spouse,no child,2007,f,0
333,//upload.wikimedia.org/wikipedia/commons/thumb/0/06/190905_%ED%95%9C%EC%98%88%EC%8A%AC.jpg/250px-190905_%ED%95%9C%EC%98%88%EC%8A%AC.jpg,39,334,한예슬,"김예슬이, 레슬리 김(Leslie Kim)",no religion,파트너즈파크,no spouse,no child,2001,f,0
334,//upload.wikimedia.org/wikipedia/commons/thumb/2/22/Han_Ji-min_on_December_21%2C_2013.jpg/250px-Han_Ji-min_on_December_21%2C_2013.jpg,38,335,한지민,no real name,no religion,BH 엔터테인먼트,no spouse,no child,2003,f,0
335,//upload.wikimedia.org/wikipedia/commons/thumb/2/25/Han_Ji-hye_in_July_2019.png/250px-Han_Ji-hye_in_July_2019.png,36,336,한지혜,이지혜 (李智慧)[1],개신교[2],어썸이엔티,정혁준,no child,2001,f,0
336,//upload.wikimedia.org/wikipedia/commons/thumb/b/b1/Han_Chae-ah_from_acrofan.jpg/250px-Han_Chae-ah_from_acrofan.jpg,38,337,한채아,김서현 (개명 전 김경하),no religion,no angency,차세찌,슬하 1녀,2002,f,0
337,//upload.wikimedia.org/wikipedia/commons/thumb/6/6b/Han_Chae-Young_in_September_2009_%282%29.jpg/220px-Han_Chae-Young_in_September_2009_%282%29.jpg,40,338,한채영,김지영 (영어명 : Rachel Kim),개신교,비에스컴퍼니,최동준 (2007년~현재),no child,2000,f,0
338,//upload.wikimedia.org/wikipedia/commons/thumb/2/27/Hong_Ji-min_on_the_red_carpet_of_The_Musical_Awards%2C_3_June_2013.jpg/250px-Hong_Ji-min_on_the_red_carpet_of_The_Musical_Awards%2C_3_June_2013.jpg,47,339,홍지민,no real name,no religion,아이오케이컴퍼니,도성수 (2006년 ~ 현재),"딸 도로시, 도로라",1994,f,0
339,//upload.wikimedia.org/wikipedia/commons/thumb/7/78/191016_%ED%99%A9%EB%B3%B4%EB%9D%BC.jpg/250px-191016_%ED%99%A9%EB%B3%B4%EB%9D%BC.jpg,37,340,황보라,no real name,개신교,워크하우스컴퍼니,no spouse,no child,2003,f,0
